hour,exp_price_da_buy_eur_mwh,exp_price_da_sell_eur_mwh,exp_price_sr_up_eur_mw_h,exp_p_da_buy_mw,exp_p_da_sell_mw,mt_on,exp_p_id_buy_mw,exp_p_id_sell_mw,exp_p_mt_mw,exp_bess_ch_mw,exp_bess_dis_mw,exp_r_total_mw,exp_r_mt_mw,exp_r_bess_dis_mw,exp_r_bess_ch_mw,exp_r_dr_mw,exp_activated_mwh,exp_soc_mwh,exp_imb_deficit_mw,exp_imb_surplus_mw,exp_profit_eur
0,116.61568819337255,64.13467811041339,13.8344857465544,0.0,0.0,1,0.0,0.0,20.0,17.49743554245601,0.0,17.49743554245601,0.0,0.0,17.49743554245601,0.0,1.5822297710942572,32.7321646170894,0.019831327234226363,0.022395784778216132,-1272.432681091455
1,116.7209605159069,64.1925743216717,13.877199990544323,0.0,7.461959663577223,1,0.0,0.0,24.999999999999996,14.973058957708611,0.0,19.40574262846413,0.0,4.432683670755519,14.973058957708611,0.0,1.511923848774773,43.3612039540251,0.015209072105415198,0.05019045081958066,-859.4719313269376
2,65.61914102544073,36.089539621489756,7.716394978076812,261.7299999999999,0.0,1,91.13316004584192,0.0,24.999999999999996,0.41489034666666313,0.0,0.0,0.0,0.0,0.0,0.0,0.0,43.69311623135843,11.40199696342721,2.120266662602401,-25229.302759388986
3,65.94113227724009,36.26662996217375,7.715805019274754,147.0146327945439,0.0,1,89.92296933311056,0.0,24.999999999999996,18.883983063938633,0.0,40.75396612787726,0.0,10.440400334222184,18.883983063938633,11.429582729716447,3.2139979162685735,56.591740990924976,6.013922148345946,1.4875412120618356,-17502.974236080274
4,87.56614812066,48.16335902165028,10.320408326561287,3.5112155013819284,0.0,1,5.842570049042459,0.0,24.999999999999982,0.0,0.0,24.145800668444366,0.0,20.88080066844437,0.0,3.265,1.9318913691315955,54.83212808612915,1.2962144495756267,0.0,-1927.292011516937
5,88.0397007524054,48.42382366361412,10.287432393311864,40.77391269506978,0.0,1,1.115406234007421,0.0,24.999999999999996,0.0,0.0,25.234134001777697,0.0,20.880800668444365,0.0,4.3533333333333335,1.6727753243360408,53.37508380475626,1.7321595725557333,0.08147850163295327,-4845.307717018832
6,116.62423523006062,64.13937869105807,13.716548708813267,0.0,3.324359640095394,1,0.0,2.6063428498394288,22.777777777777775,0.0,0.0,39.524178111999966,2.2222222222222223,35.99595588977773,0.0,1.306000000000001,3.1375682992770844,50.41067605633945,3.9474596431116675e-16,0.28707528784294445,-96.77563937442456
7,118.31517356159729,65.06933749229445,14.257521114123712,0.0,14.14780352253694,1,0.0,0.0,24.999999999999968,7.079999999999986,0.0,33.746666666666655,0.0,26.666666666666664,7.0799999999999885,0.0,2.3893841898306953,53.64191275332888,0.0030094195565163336,0.015205897019562445,150.43304901590014
8,175.17380510303775,96.34954885466315,20.913242191256558,0.0,0.0,1,0.0,20.92987008401549,24.999999999999996,0.0,0.0,40.0,0.0,40.0,0.0,0.0,2.6083603048036985,50.89627032721972,0.0,0.07012991598450806,1791.012330888459
9,175.34362111458296,96.44295149606296,20.90913114281574,0.0,13.824990170375361,1,0.0,6.884394245364907,24.999999999999996,0.0,0.0,40.0,0.0,40.0,0.0,0.0,2.926707899218704,47.81552517014741,0.0,0.08061558425973045,1832.4142361239162
10,175.30551242759645,96.4219908575906,20.676843183511647,0.0,12.572314402097936,1,0.0,6.855141552011119,23.888888888888886,0.0,0.0,40.00000000000001,1.1111111111111112,38.8888888888889,0.0,0.0,4.4813512616089275,43.3006934545361,3.9474596431116675e-16,0.09143293477983229,1841.046095319622
11,175.13945206666028,96.33065390884171,20.581451957989497,0.0,19.389360345417327,1,0.0,0.0,23.888888888888886,0.0,0.0,40.0,1.1111111111111112,38.888888888888886,0.0,0.0,4.851813662439716,38.436988317818475,0.0,0.029528543471561378,1811.3662496415348
12,65.60714733102452,36.08294327013439,7.721728454858477,272.35280911330267,0.0,1,90.17695618470809,0.0,24.999999999999996,14.268539408868422,0.0,39.98353940886844,0.0,13.333333333333332,14.268539408868431,12.381666666666668,4.260134943837711,46.88456138207187,3.7684220215905317,1.079647910732951,-25349.190913082963
13,65.97490015337064,36.285201785646336,8.070035395123448,326.6518963991772,0.0,1,5.815899098933149,0.0,24.999999999999996,0.2788720975065395,0.0,25.312,0.0,13.333333333333332,0.0,11.978666666666669,1.1413192603775828,46.47481630031399,6.6410765993962535,6.315935428978668e-15,-23512.114326801086
14,116.613649286848,64.13355678089353,13.774326217972128,0.0,1.2727322997337203,1,0.0,0.5596760839756421,21.66666666666666,0.0,0.0,44.86533333333334,3.333333333333337,40.0,0.0,1.5319999999999945,2.644783866895734,43.99273687645148,6.908054375445418e-16,0.14425828295735263,-250.17831694921654
15,117.10245665699678,64.40238427596012,13.740795909570124,0.0,17.412652633533533,1,0.0,0.012977910382109787,21.666666666666664,0.0,0.0,43.333333333333336,3.333333333333335,40.0,0.0,0.0,3.9327109388774177,40.17147928401999,7.894919286223335e-16,0.03103612275102247,773.4908837526301
16,177.11642524448064,97.41803380373362,20.576088645169904,0.0,13.98830861198653,1,0.0,6.966327445243948,24.999999999999996,0.0,0.0,40.0,0.0,40.0,0.0,0.0,2.987457710256155,37.02678695743456,0.0,0.04536394276952057,1828.956074310577
17,175.13541903863285,96.32843565234649,20.769314283756838,0.0,0.0,1,0.0,21.196776063842492,24.999999999999996,0.0,0.0,40.0,0.0,40.0,0.0,0.0,2.337160784991156,34.56661771007545,0.0,0.043223936157510356,1796.7017518710268
18,67.28759559379915,37.00716451432525,8.489868519737689,54.05916917982059,0.0,1,66.66666666666666,0.0,23.33333333333333,0.7925697338053853,0.0,19.15944444444444,1.1111111111111112,13.333333333333332,0.0,4.714999999999996,2.3805363153330146,33.10834150160545,1.7237979798402387,0.04039742585545348,-9161.78567119382
19,66.35021642192984,36.49162008270246,8.023822659875684,119.4359837456733,0.0,1,66.66666666666666,0.0,23.888888888888886,0.0,0.0,34.223333333333315,1.1111111111111112,19.18555555555555,0.0,13.926666666666655,1.4911393688541998,32.25791521528314,2.1490150988718364,0.000554400100614632,-13143.567514721799
20,119.43073215358952,65.68285692796498,13.805025589401357,0.0,0.0,1,0.0,8.227632963070839,20.85526082122841,0.0,0.0,40.34873157456779,1.1111111111111112,38.29362046345667,0.0,0.944000000000011,3.33016567790623,28.938511870320355,7.500173321912167e-15,0.18762785815744523,289.894514831283
21,116.64242700945594,64.1493835534728,14.558492188746708,0.0,12.520990969015779,1,0.0,8.501668171076002,23.888888888888896,0.0,0.0,30.186758319194485,1.1111111111111112,29.075647208083378,0.0,0.0,2.688399195200572,26.24904408763272,3.5527136788005005e-15,0.07622974879712095,726.2572869574212
22,66.32341213081182,36.47687812614507,7.911126470290489,52.88459680594675,0.0,1,66.66666666666666,0.0,24.999999999999996,0.0,0.0,13.333333333333332,0.0,13.333333333333332,0.0,0.0,1.3026848452288966,24.877796882128617,5.028736527386564,3.157967714489334e-15,-9375.690438526415
23,65.6464172175538,36.104541116489614,7.717699634166701,117.55091154270201,0.0,1,66.48480686738043,0.0,24.999999999999996,0.0,0.0,0.0,0.0,0.0,0.0,0.0,0.0,24.877796882128617,6.3242815899173355,3.157967714489334e-15,-13688.211992925751
