scenario,rt,prob,profit_eur,rev_da_eur,rev_id_eur,rev_sr_eur,rev_act_eur,cost_bal_eur,cost_mt_eur,cost_bess_eur,cost_dr_eur,deficit_mwh,surplus_mwh,activated_mwh
0,0,0.1111111111111111,-124957.97487813803,-86940.22887662325,-15489.001329094252,9991.73415184212,3508.117156703718,4368.090072894146,27898.222343530433,3318.51333511209,443.77022942968676,54.7122896705389,1.6267257300033577,53.51515177685039
0,1,0.1111111111111111,-121496.37196728587,-86940.22887662325,-15489.001329094252,9991.73415184212,3312.5989393649943,601.5580017676178,27835.860109232137,3223.7039528045834,710.3527889711266,16.568519548538944,24.928347812979656,53.0221961999563
0,2,0.1111111111111111,-121948.26139095041,-86940.22887662325,-15489.001329094252,9991.73415184212,3718.8786390951814,1757.8998922282626,27806.956550198673,3406.122813932126,258.66471981114336,23.401966423927043,1.0390985858795796,50.14848791006763
1,0,0.1111111111111111,-140600.9389240836,-86337.07945168698,-33047.610211494146,12296.976196818141,3855.9161896083724,3920.602835929694,28514.72799946396,4247.077248125865,686.7335638094632,38.54103315827692,1.4697428834028288,61.144717220689415
1,1,0.1111111111111111,-146573.50484018924,-86337.07945168698,-33047.610211494146,12296.976196818141,4229.346931697427,9825.371407322862,28508.27331737014,4779.60641781095,601.8871630197302,110.26548678197202,6.100119710984799,65.24723086045458
1,2,0.1111111111111111,-142532.32973327907,-86337.07945168698,-33047.610211494146,12296.976196818141,5221.894737727978,6518.680012871792,28616.794893429545,4876.479191083066,654.5569072596604,71.60544044842499,0.9871117754943994,72.17574181028161
2,0,0.1111111111111111,-136378.82901072782,-71340.75639664588,-41169.137638113214,10284.522218932647,4244.718276109979,5376.705945452265,28899.754266241434,3690.7542871403234,430.96097217734734,66.73090598936524,5.189459832000949,68.2429192540973
2,1,0.1111111111111111,-131190.77125327865,-71340.75639664588,-41169.137638113214,10284.522218932647,5410.208739669516,32.82002879178782,28906.068689569507,4461.651798524923,975.0676602355177,4.431609265775615,11.134614247468107,68.98860638243981
2,2,0.1111111111111111,-134675.53109764616,-71340.75639664588,-41169.137638113214,10284.522218932647,2790.251910227169,2341.081725980205,28826.427771206232,3724.9104678967024,347.9912269637367,28.80180364141136,1.3825830535754888,36.75541937604762
