hour,price_da_buy_eur_mwh,price_da_sell_eur_mwh,p_da_buy_mw,p_da_sell_mw,mt_on,mt_startup,mt_shutdown,exp_p_id_buy_mw,exp_p_id_sell_mw,exp_p_mt_mw,exp_bess_ch_mw,exp_bess_dis_mw,exp_soc_mwh,exp_imb_deficit_mw,exp_imb_surplus_mw,exp_planned_imbalance_mw,exp_price_id_buy_eur_mwh
0,118.08,64.94,0.0,0.0,1,1,0,0.0,0.0,19.999999999999996,17.437941560753334,0.0,33.95035324860267,7.894919286223335e-16,0.06205843924666689,-0.0620584392466661,116.61568819337255
1,118.08,64.94,0.0,0.0,1,0,0,0.0,7.461959663577222,25.000000000000004,14.927431741392368,0.0,45.89229864171656,0.0,0.0806085950304107,-0.08060859503041069,116.72096051590692
2,66.42,36.53,145.6758495588044,0.0,1,0,0,81.4864545530198,0.0,25.000000000000004,26.48194985293479,0.0,67.07785852406438,6.817375838060835,1.267730096950209,5.549645741110625,65.61914102544073
3,66.42,36.53,145.03,0.0,1,0,0,69.12781024272246,0.0,25.000000000000004,13.333333333333334,0.0,77.74452519073107,5.587618191227164,1.3820951006162923,4.205523090610872,65.94113227724009
4,88.56,48.71,0.0,0.0,1,0,0,9.39257004904246,0.0,25.000000000000004,0.0,0.0,77.74452519073107,1.2703581171635627,0.012928166206023661,1.257429950957539,87.56614812065999
5,88.56,48.71,0.0,0.0,1,0,0,41.889318929077206,0.0,25.000000000000004,0.0,0.0,77.74452519073107,1.732159572555733,0.08147850163295327,1.65068107092278,88.03970075240538
6,118.08,64.94,0.0,0.0,1,0,0,0.0,0.0,25.000000000000004,8.152924712157047,0.0,84.2668649604567,0.0,0.28707528784294345,-0.28707528784294345,116.62423523006063
7,118.08,64.94,0.0,0.0,1,0,0,0.0,7.076231366436049,25.000000000000004,14.142543897431354,0.0,95.5809000784018,0.0,0.021224736132595012,-0.02122473613259501,118.3151735615973
8,177.12,97.42,0.0,20.92108244848287,1,0,0,0.0,6.290397166650271,25.000000000000004,0.0,6.281609531117648,88.96867951933058,0.0,0.07012991598450766,-0.07012991598450766,175.17380510303772
9,177.12,97.42,0.0,20.653182736094724,1,0,0,0.0,13.38953501297888,25.000000000000004,0.0,13.333333333333334,74.93359180003233,0.0,0.08061558425973282,-0.08061558425973281,175.34362111458293
10,177.12,97.42,0.0,20.565424656033365,1,0,0,0.0,13.328495296804768,25.000000000000004,0.0,13.355352887617963,60.87532560253974,0.0,0.0914329347798311,-0.09143293477983108,175.30551242759643
11,177.12,97.42,0.0,20.522553312630897,1,0,0,0.0,22.717852433014674,25.000000000000004,0.0,22.73993428911713,36.93855266662697,0.0,0.029528543471561773,-0.029528543471561773,175.13945206666023
12,66.42,36.53,144.12976417083848,0.0,1,0,0,75.51349055277436,0.0,25.000000000000004,13.333333333333334,0.0,47.60521933329363,1.9481595366184792,0.8580809268979692,1.0900786097205102,65.60714733102452
13,66.42,36.53,181.6900000000001,0.0,1,0,0,69.31842103256976,0.0,25.000000000000004,13.333333333333334,0.0,58.271885999960304,4.299260463281073,0.2843481625174541,4.014912300763619,65.97490015337064
14,118.08,64.94,0.0,0.0,1,0,0,0.0,0.06914945331224231,25.000000000000004,0.06765397842281354,0.0,58.326009182698556,0.009280205565268318,0.1624767738301658,-0.1531965682648975,116.61364928684802
15,118.08,64.94,0.0,0.0,1,0,0,0.0,6.9172154195441165,25.000000000000004,13.841748457704858,0.0,69.39940794886243,0.0,0.031036122751022865,-0.031036122751022865,117.1024566569968
16,177.12,97.42,0.0,20.898982335731844,1,0,0,0.0,13.388987054831967,25.000000000000004,0.0,13.333333333333334,55.364320229564186,0.0,0.045363942769521756,-0.04536394276952174,177.1164252444806
17,177.12,97.42,0.0,51.601302332884146,1,0,0,0.0,3.1915779490443423,25.000000000000004,0.0,33.59610421808599,19.999999999999986,7.894919286223335e-16,0.043223936157507595,-0.043223936157506804,175.13541903863282
18,66.42,36.53,364.47210736141244,0.0,1,0,0,9.66413305161596,0.0,23.333333333333336,0.0,0.0,19.999999999999986,4.666370076516324,0.335943822878101,4.3304262536382225,67.28759559379915
19,66.42,36.53,226.6999999999999,0.0,1,0,0,98.5438517741088,0.0,25.000000000000004,0.0,0.0,19.999999999999986,2.1589722896594656,0.702824063768244,1.4561482258912215,66.35021642192986
20,118.08,64.94,0.0,0.0,1,0,0,0.0,12.484652734677033,23.333333333333336,0.0,0.0,19.999999999999986,0.027919758442466264,0.10660035709865687,-0.07868059865619059,119.43073215358953
21,118.08,64.94,0.0,22.09167084809747,1,0,0,0.0,0.04209940310540479,25.000000000000004,0.0,0.0,19.999999999999986,0.0,0.07622974879712688,-0.07622974879712688,116.64242700945596
22,66.42,36.53,120.32999999999998,0.0,1,0,0,64.80180323038299,0.0,25.000000000000004,0.0,0.0,19.999999999999986,35.63345484256586,0.43525807294884405,35.19819676961701,66.32341213081182
23,66.42,36.53,5.160194494922493,0.0,1,0,0,100.00000000000001,0.0,25.000000000000004,0.0,0.0,19.999999999999986,3.594209083618294,0.16440357854063511,3.4298055050776584,65.6464172175538
