scenario,rt,prob,cost_eur,da_cost_eur,id_cost_eur,bal_cost_eur,deficit_mwh,surplus_mwh
0,0,0.1111111111111111,136078.7204591501,71999.77478793981,31622.784909232076,2368.7089725045307,29.381492194687397,5.543819034407296
0,1,0.1111111111111111,133667.6403674546,71999.77478793981,31622.784909232076,-42.37111919096424,11.510240181391367,32.581933088408135
0,2,0.1111111111111111,133888.479394492,71999.77478793981,31622.784909232076,178.46790784644855,3.4298055050777094,2.0468153784460306
1,0,0.1111111111111111,140098.0092478897,71999.77478793981,26538.76469457536,10735.550024612741,133.9016865246238,2.5871698656814672
1,1,0.1111111111111111,144619.0414242143,71999.77478793981,26538.76469457536,15256.582200937315,188.088226173186,0.8781531998659062
1,2,0.1111111111111111,142223.86037408182,71999.77478793981,26538.76469457536,12861.401150804828,160.2569546342201,0.9946598180889126
2,0,0.1111111111111111,142021.64991710777,71999.77478793981,35243.57390072812,4660.086831774304,56.52355901477191,3.537878948990951
2,1,0.1111111111111111,137254.1847565297,71999.77478793981,35243.57390072812,-107.37832880375089,2.7446636652457883,10.826258231559233
2,2,0.1111111111111111,139362.77053518378,71999.77478793981,35243.57390072812,2001.2074498503048,23.869613884266627,1.41757113453286
