id_scenario,scenario_probability,machine,position_n,task,start_h,end_h,duration_h,power_mw,units_out,start_time,end_time,energy_mwh,energy_cost_eur
0,0.3333333333333333,m1,1,p30,2.0,3.8,1.8,71.8,9.0,02:00,03:48,129.24,7648.557075869828
0,0.3333333333333333,m1,2,p3,18.0,20.1,2.1,77.7,11.0,18:00,20:06,163.17000000000002,9188.072384531119
0,0.3333333333333333,m1,3,p24,22.0,23.4,1.4,91.9,10.0,22:00,23:24,128.66,7452.55038478354
0,0.3333333333333333,m2,1,p20,1.5,3.5,2.0,60.5,10.0,01:30,03:30,121.0,8432.80823338656
0,0.3333333333333333,m2,2,p28,4.5,6.0,1.5,68.5,10.0,04:30,06:00,102.75,7425.970364306302
0,0.3333333333333333,m2,3,p5,12.5,14.1,1.6,75.5,10.0,12:30,14:06,120.80000000000001,7715.380899684558
0,0.3333333333333333,m2,4,p19,18.0,20.0,2.0,64.6,14.0,18:00,20:00,129.2,7131.692003916574
0,0.3333333333333333,m2,5,p2,22.0,23.7,1.7,65.3,11.0,22:00,23:42,111.00999999999999,6572.776297469059
0,0.3333333333333333,m3,1,p7,2.0,3.7,1.7,80.4,15.0,02:00,03:42,136.68,8102.896087106337
0,0.3333333333333333,m3,2,p21,18.0,19.9,1.9,86.0,11.0,18:00,19:54,163.4,8973.503432367894
0,0.3333333333333333,m4,1,p6,2.0,3.8,1.8,95.6,13.0,02:00,03:48,172.07999999999998,10183.872652550912
0,0.3333333333333333,m4,2,p12,18.0,19.8,1.8,97.6,15.0,18:00,19:48,175.68,9592.949528009669
0,0.3333333333333333,m5,1,p16,2.0,3.7,1.7,72.4,9.0,02:00,03:42,123.08000000000001,7296.637769981328
0,0.3333333333333333,m5,2,p4,5.0,6.3,1.3,67.5,14.0,05:00,06:18,87.75,6826.476812496735
0,0.3333333333333333,m5,3,p27,13.0,14.3,1.3,67.8,7.0,13:00,14:18,88.14,6060.109375941429
0,0.3333333333333333,m5,4,p17,18.0,19.8,1.8,76.3,10.0,18:00,19:48,137.34,7499.406239622313
0,0.3333333333333333,m5,5,p10,22.0,23.4,1.4,72.8,14.0,22:00,23:24,101.91999999999999,5903.652535497733
1,0.3333333333333333,m1,1,p30,2.0,3.8,1.8,71.8,9.0,02:00,03:48,129.24,9342.849343869922
1,0.3333333333333333,m1,2,p3,12.0,14.1,2.1,77.7,11.0,12:00,14:06,163.17000000000002,11603.737888249152
1,0.3333333333333333,m1,3,p24,22.5,23.9,1.4,91.9,10.0,22:30,23:54,128.66,8994.070466434865
1,0.3333333333333333,m2,1,p5,2.0,3.6,1.6,75.5,10.0,02:00,03:36,120.80000000000001,8700.33321370145
1,0.3333333333333333,m2,2,p20,5.5,7.5,2.0,60.5,10.0,05:30,07:30,121.0,13701.86052680764
1,0.3333333333333333,m2,3,p2,12.0,13.7,1.7,65.3,11.0,12:00,13:42,111.00999999999999,7457.597049502812
1,0.3333333333333333,m2,4,p28,18.5,20.0,1.5,68.5,10.0,18:30,20:00,102.75,7774.1315863436475
1,0.3333333333333333,m2,5,p19,22.0,24.0,2.0,64.6,14.0,22:00,24:00,129.2,9255.990201670422
1,0.3333333333333333,m3,1,p21,2.0,3.9,1.9,86.0,11.0,02:00,03:54,163.4,11830.742574229236
1,0.3333333333333333,m3,2,p7,12.0,13.7,1.7,80.4,15.0,12:00,13:42,136.68,9182.094988974366
1,0.3333333333333333,m3,3,p29,22.0,24.0,2.0,72.0,8.0,22:00,24:00,144.0,10316.273908982515
1,0.3333333333333333,m4,1,p6,12.0,13.8,1.8,95.6,13.0,12:00,13:48,172.07999999999998,11665.1938256971
1,0.3333333333333333,m4,2,p12,22.0,23.8,1.8,97.6,15.0,22:00,23:48,175.68,12704.39393995052
1,0.3333333333333333,m5,1,p17,2.0,3.8,1.8,76.3,10.0,02:00,03:48,137.34,9928.403968485725
1,0.3333333333333333,m5,2,p27,12.0,13.3,1.3,67.8,7.0,12:00,13:18,88.14,5623.493642163291
1,0.3333333333333333,m5,3,p4,19.0,20.3,1.3,67.5,14.0,19:00,20:18,87.75,8250.501790758619
1,0.3333333333333333,m5,4,p10,22.5,23.9,1.4,72.8,14.0,22:30,23:54,101.91999999999999,7124.791403225877
2,0.3333333333333333,m1,1,p24,2.0,3.4,1.4,91.9,10.0,02:00,03:24,128.66,8412.479035895012
2,0.3333333333333333,m1,2,p17,12.0,13.6,1.6,94.4,10.0,12:00,13:36,151.04000000000002,9875.8031523518
2,0.3333333333333333,m1,3,p3,18.0,20.1,2.1,77.7,11.0,18:00,20:06,163.17000000000002,11064.072899584822
2,0.3333333333333333,m1,4,p30,22.0,23.8,1.8,71.8,9.0,22:00,23:48,129.24,8450.402538466282
2,0.3333333333333333,m2,1,p28,2.0,3.5,1.5,68.5,10.0,02:00,03:30,102.75,6718.344636547587
2,0.3333333333333333,m2,2,p2,4.5,6.2,1.7,65.3,11.0,04:30,06:12,111.00999999999999,10057.429122520702
2,0.3333333333333333,m2,3,p5,12.0,13.6,1.6,75.5,10.0,12:00,13:36,120.80000000000001,7898.550190705093
2,0.3333333333333333,m2,4,p20,18.0,20.0,2.0,60.5,10.0,18:00,20:00,121.0,7911.627260557256
2,0.3333333333333333,m2,5,p19,22.0,24.0,2.0,64.6,14.0,22:00,24:00,129.2,8447.787124495846
2,0.3333333333333333,m3,1,p21,2.0,3.9,1.9,86.0,11.0,02:00,03:54,163.4,10683.966069215334
2,0.3333333333333333,m3,2,p7,12.5,14.2,1.7,80.4,15.0,12:30,14:12,136.68,9754.622305055105
2,0.3333333333333333,m4,1,p6,12.0,13.8,1.8,95.6,13.0,12:00,13:48,172.07999999999998,11251.510900799116
2,0.3333333333333333,m4,2,p12,22.0,23.8,1.8,97.6,15.0,22:00,23:48,175.68,11486.898158138009
2,0.3333333333333333,m5,1,p16,2.0,3.7,1.7,72.4,9.0,02:00,03:42,123.08000000000001,8047.628787019728
2,0.3333333333333333,m5,2,p27,12.0,13.3,1.3,67.8,7.0,12:00,13:18,88.14,5763.064683847247
2,0.3333333333333333,m5,3,p4,18.0,19.3,1.3,67.5,14.0,18:00,19:18,87.75,5737.564397635533
2,0.3333333333333333,m5,4,p10,22.0,23.4,1.4,72.8,14.0,22:00,23:24,101.91999999999999,6664.0747966611125
