hour,price_eur_mwh,base_load_mw,batch_load_mw,p_da_mw,production_units,demand_units,inventory_units,p_da_model_mw,cost_eur
0,118.08,2.5,0.0,2.5,0.0,8.0,42.0,2.5,295.2
1,118.08,2.53,0.0,2.53,0.0,8.0,34.0,2.5300000000000002,298.7424
2,66.42,2.63,311.29999999999995,313.92999999999995,31.00732600732601,8.0,57.007326007326014,313.9299999999995,20851.2306
3,66.42,2.79,210.27999999999997,213.06999999999996,18.468864468864467,8.0,67.47619047619048,213.0699999999997,14152.109399999998
4,88.56,3.0,40.41999999999997,43.41999999999997,3.7591036414565804,8.0,63.23529411764706,43.41999999999997,3845.2751999999978
5,88.56,3.24,65.3,68.53999999999999,6.470588235294117,8.0,61.705882352941174,68.54,6069.902399999999
6,118.08,3.5,13.060000000000011,16.56000000000001,1.2941176470588245,8.0,55.0,16.560000000000013,1955.4048000000012
7,118.08,3.76,0.0,3.76,0.0,8.0,47.0,3.7600000000000002,443.9808
8,177.12,4.0,0.0,4.0,0.0,8.0,39.0,4.0,708.48
9,177.12,4.21,0.0,4.21,0.0,8.0,31.0,4.21,745.6752
10,177.12,4.37,0.0,4.37,0.0,8.0,23.0,4.37,774.0144
11,177.12,4.47,0.0,4.47,0.0,8.0,15.0,4.47,791.7264
12,66.42,4.5,226.35,230.85,17.053209947946787,8.0,24.053209947946787,230.84999999999854,15333.057
13,66.42,4.47,274.85000000000014,279.32000000000016,20.946790052053213,8.0,37.0,279.3199999999991,18552.434400000013
14,118.08,4.37,0.0,4.37,0.0,8.0,29.0,4.37,516.0096
15,118.08,4.21,0.0,4.21,0.0,8.0,21.0,4.21,497.1168
16,177.12,4.0,0.0,4.0,0.0,8.0,13.0,4.0,708.48
17,177.12,3.76,0.0,3.76,0.0,8.0,5.0,3.7600000000000002,665.9712
18,66.42,3.5,206.3,209.8,17.499999999999993,8.0,14.499999999999993,209.8000000000007,13934.916000000001
19,66.42,3.24,167.46000000000015,170.70000000000016,16.500000000000007,8.0,23.0,170.70000000000044,11337.894000000011
20,118.08,3.0,0.0,3.0,0.0,8.0,15.0,3.0,354.24
21,118.08,2.79,0.0,2.79,0.0,8.0,7.0,2.79,329.4432
22,66.42,2.63,384.79999999999995,387.42999999999995,33.33986928104576,8.0,32.33986928104576,387.43000000000006,25733.100599999998
23,66.42,2.53,305.48,308.01,26.66013071895425,8.0,51.00000000000001,308.0099999999999,20458.0242
