machine,position_n,task,start_h,end_h,duration_h,power_mw,units_out,start_time,end_time,energy_mwh,energy_cost_eur
m1,1,p3,2.0,4.1,2.1,77.7,11.0,02:00,04:06,163.17000000000002,11009.779199999997
m1,2,p24,12.5,13.9,1.4,91.9,10.0,12:30,13:54,128.66,8545.597200000004
m1,3,p17,18.0,19.6,1.6,94.4,10.0,18:00,19:36,151.04000000000002,10032.07680000001
m1,4,p30,22.0,23.8,1.8,71.8,9.0,22:00,23:48,129.24,8584.120800000002
m2,1,p28,2.0,3.5,1.5,68.5,10.0,02:00,03:30,102.75,6824.655
m2,2,p2,4.5,6.2,1.7,65.3,11.0,04:30,06:12,111.00999999999999,10216.5768
m2,3,p20,12.0,14.0,2.0,60.5,10.0,12:00,14:00,121.0,8036.820000000001
m2,4,p5,18.0,19.6,1.6,75.5,10.0,18:00,19:36,120.80000000000001,8023.536000000008
m2,5,p19,22.0,24.0,2.0,64.6,14.0,22:00,24:00,129.2,8581.464
m3,1,p21,12.0,13.9,1.9,86.0,11.0,12:00,13:54,163.4,10853.028000000004
m3,2,p7,22.0,23.7,1.7,80.4,15.0,22:00,23:42,136.68,9078.285599999997
m4,1,p12,2.0,3.8,1.8,97.6,15.0,02:00,03:48,175.68,11668.665599999998
m4,2,p6,22.0,23.8,1.8,95.6,13.0,22:00,23:48,172.07999999999998,11429.553600000003
m5,1,p4,2.0,3.3,1.3,67.5,14.0,02:00,03:18,87.75,5828.355
m5,2,p27,12.5,13.8,1.3,67.8,7.0,12:30,13:48,88.14,5854.258800000003
m5,3,p10,18.5,19.9,1.4,72.8,14.0,18:30,19:54,101.91999999999999,6769.526399999993
m5,4,p16,22.0,23.7,1.7,72.4,9.0,22:00,23:42,123.08000000000001,8174.9735999999975
