hour,price_buy_eur_mwh,price_sell_eur_mwh,base_load_mw,batch_load_mw,total_load_mw,production_units,demand_units,inventory_units,p_mt_mw,mt_on,mt_startup,mt_shutdown,p_net_grid_mw,p_buy_mw,p_sell_mw,grid_buy_cost_eur,grid_sell_revenue_eur,grid_cost_eur,mt_fuel_cost_eur,mt_startstop_cost_eur,cost_eur,p_buy_model_mw,p_sell_model_mw
0,118.08,64.94,2.5,0.0,2.5,0.0,8.0,42.0,20.0,1,1,0,-17.5,0.0,17.5,0.0,1136.45,-1136.45,969.9390000000001,87.4,-79.11099999999996,0.0,17.5
1,118.08,64.94,2.53,0.0,2.53,0.0,8.0,34.0,25.0,1,0,0,-22.47,0.0,22.47,0.0,1459.2017999999998,-1459.2017999999998,1229.1390000000001,0.0,-230.0627999999997,0.0,22.47
2,66.42,36.53,2.63,404.2,406.83,35.23989082812612,8.0,61.23989082812612,25.0,1,0,0,381.83,381.83,0.0,25361.1486,0.0,25361.1486,1229.1390000000001,0.0,26590.2876,381.83,0.0
3,66.42,36.53,2.79,224.10999999999996,226.89999999999995,19.760109171873875,8.0,73.0,25.0,1,0,0,201.89999999999995,201.89999999999995,0.0,13410.197999999997,0.0,13410.197999999997,1229.1390000000001,0.0,14639.336999999996,201.9,0.0
4,88.56,48.71,3.0,32.65,35.65,3.2352941176470584,8.0,68.23529411764706,25.0,1,0,0,10.649999999999999,10.649999999999999,0.0,943.1639999999999,0.0,943.1639999999999,1229.1390000000001,0.0,2172.303,10.649999999999999,0.0
5,88.56,48.71,3.24,65.3,68.53999999999999,6.470588235294117,8.0,66.70588235294117,25.0,1,0,0,43.53999999999999,43.53999999999999,0.0,3855.9023999999995,0.0,3855.9023999999995,1229.1390000000001,0.0,5085.0414,43.54,0.0
6,118.08,64.94,3.5,13.060000000000011,16.56000000000001,1.2941176470588245,8.0,59.99999999999999,25.0,1,0,0,-8.43999999999999,0.0,8.43999999999999,0.0,548.0935999999994,-548.0935999999994,1229.1390000000001,0.0,681.0454000000008,0.0,8.439999999999989
7,118.08,64.94,3.76,0.0,3.76,0.0,8.0,51.99999999999999,25.0,1,0,0,-21.240000000000002,0.0,21.240000000000002,0.0,1379.3256000000001,-1379.3256000000001,1229.1390000000001,0.0,-150.1866,0.0,21.240000000000002
8,177.12,97.42,4.0,0.0,4.0,0.0,8.0,43.99999999999999,25.0,1,0,0,-21.0,0.0,21.0,0.0,2045.82,-2045.82,1229.1390000000001,0.0,-816.6809999999998,0.0,21.0
9,177.12,97.42,4.21,0.0,4.21,0.0,8.0,35.99999999999999,25.0,1,0,0,-20.79,0.0,20.79,0.0,2025.3618,-2025.3618,1229.1390000000001,0.0,-796.2227999999998,0.0,20.79
10,177.12,97.42,4.37,0.0,4.37,0.0,8.0,27.999999999999993,25.0,1,0,0,-20.63,0.0,20.63,0.0,2009.7746,-2009.7746,1229.1390000000001,0.0,-780.6355999999998,0.0,20.63
11,177.12,97.42,4.47,0.0,4.47,0.0,8.0,19.999999999999993,25.0,1,0,0,-20.53,0.0,20.53,0.0,2000.0326000000002,-2000.0326000000002,1229.1390000000001,0.0,-770.8936000000001,0.0,20.53
12,66.42,36.53,4.5,149.2,153.7,13.747710622710622,8.0,25.747710622710613,25.000000000000014,1,0,0,128.7,128.7,0.0,8548.253999999999,0.0,8548.253999999999,1229.1390000000001,0.0,9777.393,128.7,0.0
13,66.42,36.53,4.47,207.20000000000005,211.67000000000004,20.10347985347986,8.0,37.851190476190474,25.0,1,0,0,186.67000000000004,186.67000000000004,0.0,12398.621400000004,0.0,12398.621400000004,1229.1390000000001,0.0,13627.760400000003,186.67000000000004,0.0
14,118.08,64.94,4.37,15.319999999999947,19.689999999999948,1.14880952380952,8.0,30.999999999999993,25.0,1,0,0,-5.310000000000052,0.0,5.310000000000052,0.0,344.8314000000034,-344.8314000000034,1229.1390000000001,0.0,884.3075999999967,0.0,5.310000000000054
15,118.08,64.94,4.21,0.0,4.21,0.0,8.0,22.999999999999993,25.0,1,0,0,-20.79,0.0,20.79,0.0,1350.1026,-1350.1026,1229.1390000000001,0.0,-120.96359999999981,0.0,20.79
16,177.12,97.42,4.0,0.0,4.0,0.0,8.0,14.999999999999993,25.0,1,0,0,-21.0,0.0,21.0,0.0,2045.82,-2045.82,1229.1390000000001,0.0,-816.6809999999998,0.0,21.0
17,177.12,97.42,3.76,0.0,3.76,0.0,8.0,6.999999999999993,25.0,1,0,0,-21.240000000000002,0.0,21.240000000000002,0.0,2069.2008,-2069.2008,1229.1390000000001,0.0,-840.0618,0.0,21.240000000000002
18,66.42,36.53,3.5,168.8,172.3,12.794117647058826,8.0,11.794117647058819,25.0,1,0,0,147.3,147.3,0.0,9783.666000000001,0.0,9783.666000000001,1229.1390000000001,0.0,11012.805,147.3,0.0
19,66.42,36.53,3.24,182.97999999999996,186.21999999999997,13.705882352941172,8.0,17.499999999999993,25.00000000000002,1,0,0,161.21999999999994,161.21999999999994,0.0,10708.232399999997,0.0,10708.232399999997,1229.1390000000001,0.0,11937.371399999996,161.21999999999994,0.0
20,118.08,64.94,3.0,21.54000000000005,24.54000000000005,1.5000000000000029,8.0,10.999999999999993,25.0,1,0,0,-0.4599999999999511,0.0,0.4599999999999511,0.0,29.872399999996823,-29.872399999996823,1229.1390000000001,0.0,1199.2666000000033,0.0,0.4599999999999511
21,118.08,64.94,2.79,0.0,2.79,0.0,8.0,2.999999999999993,25.0,1,0,0,-22.21,0.0,22.21,0.0,1442.3174,-1442.3174,1229.1390000000001,0.0,-213.17839999999978,0.0,22.21
22,66.42,36.53,2.63,379.0,381.63,32.37280701754386,8.0,27.372807017543856,24.999999999999968,1,0,0,356.63000000000005,356.63000000000005,0.0,23687.364600000004,0.0,23687.364600000004,1229.1389999999983,0.0,24916.503600000004,356.63,0.0
23,66.42,36.53,2.53,342.2399999999999,344.76999999999987,31.627192982456137,8.0,50.99999999999999,24.999999999999915,1,0,0,319.77,319.77,0.0,21239.1234,0.0,21239.1234,1229.1389999999956,0.0,22468.262399999996,319.77,0.0
