scenario,rt,hour,prob_joint,price_da_buy_eur_mwh,price_da_sell_eur_mwh,price_sr_up_eur_mw_h,price_id_buy_eur_mwh,price_id_sell_eur_mwh,price_bal_deficit_eur_mwh,price_bal_surplus_eur_mwh,rho,rt_load_rel_dev,p_da_buy_mw,p_da_sell_mw,p_id_buy_mw,p_id_sell_mw,p_mt_mw,p_mt_rt_mw,p_bess_ch_mw,p_bess_dis_mw,soc_path_mwh,r_mt_mw,r_bess_dis_mw,r_bess_ch_mw,r_dr_mw,r_total_mw,load_rt_mw,imb_deficit_mw,imb_surplus_mw,p_phys_import_mw,rev_da_eur,rev_id_eur,rev_sr_eur,rev_act_eur,cost_bal_eur,cost_mt_eur,cost_bess_eur,cost_dr_eur,profit_hour_eur
0,0,0,0.125,112.95317633831374,62.120420658960825,12.501072647267625,119.67193705793468,65.81551145445697,134.53461024581594,50.25136308821902,0.2504932271013454,0.001025783017595525,0.0,0.0,0.0,7.095314237448287,19.99999999999958,19.99999999999958,10.402121305007306,0.0,26.237168296493095,0.0,0.0,10.402121305007306,0.0,10.402121305007306,2.502564457543989,8.881784197001252e-16,0.0,-9.700975171839225,0.0,466.98173546774933,130.03767411958665,161.86475333898602,1.1949073752310108e-13,1057.3389999999797,272.87611297157287,0.0,-571.3309500452307
0,0,1,0.125,118.10814310681263,64.95547775538967,11.604020281420507,106.96028096406995,58.824531214487656,148.9676776368891,47.98377914103359,0.004949868974911665,0.0332494107779964,0.0,18.999785017718324,0.0,0.052760639679981756,21.666666666666664,21.68316622991637,0.0,0.0,26.195976986476357,3.3333333333333335,7.905612191805552,0.0,0.0,11.238945525138886,2.6141210092683305,0.0,2.842170943040401e-14,-19.108176965163942,1234.1401130755885,3.103619895751423,130.41695181549187,3.613558174072139,-1.3637810281191374e-12,1057.1943373588647,1.36961105805656,0.0,312.7102945439842
0,0,2,0.125,60.96524928192462,33.52996923018227,7.410152659230397,61.133825158258425,33.62268342413701,75.4634404776782,25.55618235302361,0.12502051138501583,0.049342952352860216,8.539180640991088,0.0,0.0,0.0,25.0,25.0,0.0,0.0,26.195976986476357,0.0,0.0,0.0,0.0,0.0,37.020819359008904,3.481638718017816,0.0,12.020819359008904,-520.5932764414065,0.0,0.0,0.0,262.7364361619173,1229.1390000000001,0.0,0.0,-2012.4687126033239
0,0,3,0.125,55.58069453842736,30.568545189532543,10.242274453290971,58.01903156319129,31.909593842267054,68.07682886485105,23.69585944812547,0.06142005538796439,0.017358401568812108,70.74552203364466,0.0,0.0,0.0,21.666666666666664,21.871400184626545,25.504122263131734,0.0,45.34610311536338,3.3333333333333335,0.0,25.504122263131723,0.0,28.837455596465055,69.27193356282042,2.363867125640823,0.0,71.33819103930264,-3932.0852501135864,0.0,295.3611347535868,54.14294977031075,160.92457777149767,1066.9523855710402,837.8180181388069,0.0,-5648.276147071034
0,0,4,0.125,79.11528962063309,43.515195996172515,7.879764191116058,77.68044719791098,42.7260002598266,94.2845412555821,35.171765021258715,0.1667718405481244,0.003263772674732535,0.0,0.0,0.0,0.0,16.11241618915619,16.668322324316605,0.0,0.0,45.34610311536338,3.3333333333333335,0.0,0.0,0.0,3.3333333333333335,16.112416189156214,2.4868995751603507e-14,0.0,-0.5559061351603899,0.0,0.0,26.265880637053527,24.190364426980217,2.3447618559269567e-12,807.4197629801638,0.0,0.0,-756.9635179161324
0,0,5,0.125,72.99272549617159,40.14764745842952,7.578441199155166,76.84516911773369,42.26657845217715,92.58711648239516,29.370289904918344,0.07908553867010548,-0.010698957027962685,0.0,0.0,0.0,0.0,20.0,20.263618462233683,16.725335379229396,0.0,57.66818569242327,3.333333333333334,0.0,16.7253353792294,0.0,20.058668712562735,3.205335379229401,0.0,0.06932924154120323,-1.6556798616794184,0.0,0.0,152.01344137149013,63.6882454427701,-2.0362199229532467,983.6049810821944,539.0911127463703,0.0,-1304.9581870913512
0,0,6,0.125,113.9557689610343,62.67181263829241,13.966025559555032,112.98883357672754,62.140030932187386,143.82652396763083,46.24390926660899,0.25059385894202785,0.007254058364949432,0.0,0.0,0.0,18.14127746238934,21.666666666666664,22.501979529806757,0.0,0.0,47.99614201395904,3.3333333333333335,36.666666666666664,0.0,0.0,40.0,3.5253892042773227,0.0,0.0,-28.165031820070453,0.0,1127.2995426622674,558.6410223822013,628.2068550368579,0.0,1099.6416188251824,321.5954523089357,0.0,892.9103489472083
0,0,7,0.125,138.07832933114977,75.93840368195178,17.9243522663154,145.1838590794218,79.84620434127416,170.17112364030842,58.28845396619329,0.059586059278924325,0.003006888481874837,0.0,0.0,0.0,21.228694099308157,25.000000000000007,25.000000000000007,0.0,0.0,45.487255307478016,0.0,40.00000000000001,0.0,0.0,40.00000000000001,3.771305900691849,0.0,0.0,-23.61213647046513,0.0,1695.0306469517602,716.974090652616,180.9948089335866,0.0,1229.1390000000001,83.42048299049407,0.0,1280.4400635474688
0,0,8,0.125,157.34218744575338,86.54175644176432,17.865620473223238,175.96846076917825,96.7866274171937,192.52727094069002,67.1891659151342,0.038437866446158854,0.019729387879281954,0.0,0.0,0.0,20.92108244848287,25.0,25.0,0.0,0.0,43.86881882553448,0.0,40.0,0.0,0.0,40.0,4.078917551517128,0.0,0.0,-22.458597106329226,0.0,2024.881012105702,714.6248189289295,133.0592190449818,0.0,1229.1390000000001,53.81301302462239,0.0,1589.6130370549906
0,0,9,0.125,154.34382046427783,84.89258688815461,17.421988442850786,145.75537958178847,80.16875044522263,179.4324160060801,71.09329275038148,0.09242657742381544,-0.03249816244780945,0.0,0.0,0.0,20.65318273609472,25.0,25.0,0.0,0.0,39.977173460321204,0.0,40.0,0.0,0.0,40.0,4.073182736094722,0.0,0.2736345278105574,-24.623880360857896,0.0,1655.7398526695579,696.8795377140315,313.85325018904007,-19.45357959224836,1229.1390000000001,129.3972083933416,0.0,1327.390011771536
0,0,10,0.125,182.31396017488282,100.27679539429248,24.679163672387716,184.70895048495194,101.59409415223587,219.97338293780155,79.56326239088497,0.08208145630267706,0.018098273124102827,0.0,20.49936599317947,0.0,0.05154455326820084,25.0,25.0,0.0,0.0,36.52111214231375,0.0,40.0,0.0,0.0,40.0,4.44908945355233,0.0,0.0,-23.834168798554753,2055.610729410775,5.236622197764533,987.1665468955086,329.23461597316424,0.0,1229.1390000000001,114.91403882374789,0.0,2033.1954756534647
0,0,11,0.125,178.71404249634958,98.2967593721453,23.32451589353521,171.66113606093924,94.41750155293981,240.05375923360506,64.55852989753245,0.043665361673693406,0.008544592030726801,0.0,20.49180567362265,0.0,0.0,25.0,25.0,0.0,0.0,34.682570598158236,0.0,40.0,0.0,0.0,40.0,4.508194326377349,0.0,0.0,-22.238420140570387,2014.2780914008476,0.0,932.9806357414084,171.68654197346945,0.0,1229.1390000000001,61.13150634317076,0.0,1828.674762772555
0,0,12,0.125,64.5368793708328,35.49431200566881,6.173328335578603,64.98901830647627,35.74298161300178,79.10411679952014,27.482550739936375,0.047664342281770765,0.021455838097015588,18.231265262439024,0.0,0.5096587746243841,0.0,25.0,25.0,0.0,0.0,34.682570598158236,0.0,0.0,0.0,0.0,0.0,45.6590759629366,1.9181519258731896,0.0,20.659075962936598,-1176.5889670196818,-33.122223434120365,0.0,0.0,151.7337139834973,1229.1390000000001,0.0,0.0,-2590.5839044372997
0,0,13,0.125,55.24923474523757,30.386247293639396,6.396523819579212,50.08286468382901,27.544821543214,63.822519405018284,25.67106980761426,0.10329398822821467,0.009595910842765487,58.87771265085778,0.0,5.177882395916718,0.0,20.0,20.34431329409405,0.0,0.0,34.682570598158236,3.3333333333333335,0.0,0.0,0.0,3.3333333333333335,85.68440495322551,1.6288099064510106,0.0,65.34009165913146,-3252.9485675098854,-259.3231833834773,21.32174606526404,10.462388900829358,103.95475186155564,987.7882011658355,0.0,0.0,-4572.23056895466
0,0,14,0.125,112.43789983594458,61.83703603782386,13.319044140446117,107.00300734094671,58.84802927439939,152.54043481472203,39.78200028645353,0.10205168797276282,-0.0033408191041371877,0.0,0.0,0.0,1.1483469159871174,21.66666666666667,22.006838959909214,0.0,0.0,30.385657420357695,3.3333333333333304,40.0,0.0,1.6079999999999945,44.941333333333326,20.38168024932034,0.0,0.13663950135921432,-5.8713253437595885,0.0,67.57795292917613,598.575602397169,283.60560547429094,-5.4357926822131315,1073.9735316816937,142.87236316186795,24.61486713903031,-286.26580849974283
0,0,15,0.125,125.34680307817199,68.93649552757866,11.940355241074126,123.00052731673873,67.64612333967659,160.47027356126688,49.619776581337284,0.03912960143415732,0.009110152343859769,0.0,17.277735934805335,0.0,3.4739103238270133,25.0,25.0,0.0,0.0,28.738095254708966,0.0,40.0,0.0,0.0,40.0,4.248353741367649,0.0,3.552713678800501e-15,-22.316830315998644,1191.0665659963931,234.996566236578,477.6142096429651,107.89830377046886,-1.7628485899954173e-13,1229.1390000000001,54.78144200782025,0.0,727.6552036385849
0,0,16,0.125,138.46557893057252,76.15919545740952,17.155624020812883,148.3126991444077,81.57533395804087,200.7526274115156,41.89991212964601,0.04328714269473363,0.02525441606703857,0.0,0.0,0.0,20.898982335731844,25.0,25.0,0.0,0.0,26.915478720193867,0.0,40.0,0.0,0.0,40.0,4.101017664268154,0.0,0.0,-22.63046804352119,0.0,1704.8414634205224,686.2249608325153,131.86855845123983,0.0,1229.1390000000001,60.60199977262709,0.0,1233.1939829316502
0,0,17,0.125,158.1606968919115,86.99195512200778,15.670136284080748,172.78176871722766,95.03387482177236,196.67658655984928,65.80734597876874,0.013689023714724783,0.010291932743580305,0.0,0.0,0.0,21.20130233288414,25.0,25.0,0.0,0.0,26.33909877431072,0.0,40.0,0.0,0.0,40.0,3.7986976671158614,0.0,0.0,-21.74886328147313,0.0,2014.8419119618616,626.8054513632298,47.63339746621754,0.0,1229.1390000000001,19.164633200614695,0.0,1440.9771275906944
0,0,18,0.125,47.762522567791095,26.268668313782126,6.823626604123281,42.826585310810955,23.553977136463782,57.70216999995013,20.802011874505258,0.22260359943174834,0.002508291360463453,9.89204967022236,0.0,17.26451647660038,0.0,10.0,10.742011998105827,0.0,0.0,26.33909877431072,3.3333333333333335,0.0,0.0,0.0,3.3333333333333335,37.34343385317727,0.18686770635452632,0.0,26.60142185507144,-472.4692456157059,-739.3802877350275,22.74542201374427,19.491667063088723,10.782672159569639,520.0208008283031,0.0,0.0,-1700.4159172617733
0,0,19,0.125,52.35220387453987,28.792923931601045,6.399882824949726,48.97072379577332,26.933160798849737,60.456596908430804,24.335629780320772,0.048549987242141726,0.017961741475700264,31.529025381432987,0.0,8.016177869831317,0.0,16.666666666666668,16.828499957473806,0.0,0.0,24.29488878516791,3.3333333333333335,40.00000000000001,0.0,0.0,43.33333333333334,58.268130082069135,2.056260164138159,0.0,39.497630634909655,-1650.6139647343218,-392.5580323612999,277.3282557478215,60.57549721353816,124.31449188216445,815.2332279255722,67.96998213899843,0.0,-2712.7859460809973
0,0,20,0.125,85.67221712563288,47.1168172437212,10.258702260709946,89.93443090247213,49.460890437047254,116.13134561384852,30.365328388498266,0.16932984851625787,-0.01011113052131195,0.0,0.0,0.0,16.969666608436064,20.0,20.564432828387528,0.0,0.0,23.415816577040687,3.3333333333333335,4.9319042392025825,0.0,0.0,8.265237572535916,2.9696666084360643,0.0,0.06066678312787133,-18.429884817672324,0.0,839.3348208730755,84.79061137067899,65.94240876713837,-1.842166791951619,999.1991978236094,29.229150920230218,0.0,-36.518340940995195
0,0,21,0.125,109.01932624207056,59.95693636653169,11.393647516749327,92.6595097152894,50.959591471128846,165.3412722675947,28.981773977494285,0.08112564370471623,-0.042411882402340666,0.0,0.0,0.0,17.09167084809747,20.0,20.270418812349053,0.0,0.0,20.000000000000004,3.3333333333333335,40.00000000000001,0.0,0.0,43.33333333333334,2.67167084809747,0.0,0.23665830380506137,-20.843773712440235,0.0,870.9845639780493,493.7247257258043,210.7752858162291,-6.858777470775464,983.957511232175,113.57590118660274,0.0,484.80994057208073
0,0,22,0.125,52.525970528918776,28.888492975329765,6.033469528003066,50.45360165471371,27.748721295493706,62.339214331175725,23.49135662940314,0.2751171080224858,-0.015967564735415676,122.48813999382506,0.0,6.031875460658654,0.0,20.0,20.91705702674162,0.0,0.0,20.000000000000004,3.3333333333333335,0.0,0.0,0.0,3.3333333333333335,148.5200154544837,0.0,0.0,127.6029584277421,-6433.808431457733,-304.32984172291447,20.111565093343554,26.49239547500207,0.0,1017.4792362662856,0.0,0.0,-7709.013548878587
0,0,23,0.125,66.16253393358974,36.38839753980779,5.218977780800473,65.43984973150435,35.990932109181784,79.18523013520596,29.22611069480568,0.19868379985834408,-0.02567411860975851,0.0,0.0,49.97437657297908,0.0,25.0,25.0,0.0,0.0,20.000000000000004,0.0,0.0,0.0,0.0,0.0,74.97437657297908,0.0,0.0,49.97437657297908,0.0,-3270.3156933613627,0.0,0.0,0.0,1229.1390000000001,0.0,0.0,-4499.454693361363
0,1,0,0.125,112.95317633831374,62.120420658960825,12.501072647267625,119.67193705793468,65.81551145445697,145.236010621896,44.365955394937856,0.07493832082254523,-0.001025783017595525,0.0,0.0,0.0,7.095314237448287,19.99999999999958,19.99999999999958,10.402121305007306,0.0,27.698083041134108,0.0,0.0,10.402121305007306,0.0,10.402121305007306,2.497435542456011,0.0,0.005128915087976971,-7.8799606561259345,0.0,466.98173546774933,130.03767411958665,48.42395523401332,-0.22754921801761005,1057.3389999999797,336.79113304961726,0.0,-748.4592190102301
0,1,1,0.125,118.10814310681263,64.95547775538967,11.604020281420507,106.96028096406995,58.824531214487656,140.11166837598486,52.85428423421721,0.18992654090031835,-0.0332494107779964,0.0,18.999785017718324,0.0,0.052760639679981756,21.666666666666664,22.299755136334394,0.0,0.0,26.117571907145674,3.3333333333333335,7.905612191805552,0.0,0.0,11.238945525138886,2.445878990731669,0.0,0.16824201853669152,-21.355361722891736,1234.1401130755885,3.103619895751423,130.41695181549187,138.65227702433066,-8.892311467876734,1089.158306267575,52.551995205115446,0.0,373.494971806349
0,1,2,0.125,60.96524928192462,33.52996923018227,7.410152659230397,61.133825158258425,33.62268342413701,74.39996586893919,26.141077376468893,0.02716495755152651,-0.049342952352860216,8.539180640991088,0.0,0.0,0.0,25.0,25.0,0.0,0.0,26.117571907145674,0.0,0.0,0.0,0.0,0.0,33.53918064099109,3.552713678800501e-15,0.0,8.539180640991091,-520.5932764414065,0.0,0.0,0.0,2.6432177644487066e-13,1229.1390000000001,0.0,0.0,-1749.7322764414068
0,1,3,0.125,55.58069453842736,30.568545189532543,10.242274453290971,58.01903156319129,31.909593842267054,67.54096365287265,23.990577246884452,0.15900269457116495,-0.017358401568812108,70.74552203364466,0.0,0.0,0.0,21.666666666666664,22.196675648570547,25.504122263131734,0.0,43.27669038764276,3.3333333333333335,0.0,25.504122263131723,0.0,28.837455596465055,66.90806643717958,0.0,1.4210854715202004e-14,66.16028888923039,-3932.0852501135864,0.0,295.3611347535868,140.16390657956984,-3.4092660778930583e-13,1083.8146656218973,750.7114335217474,0.0,-5331.086307924074
0,1,4,0.125,79.11528962063309,43.515195996172515,7.879764191116058,77.68044719791098,42.7260002598266,99.14465480606746,32.49859280982983,0.017773129402525373,-0.003263772674732535,0.0,0.0,0.0,0.0,16.11241618915619,16.171659953831274,0.0,0.0,43.27669038764276,3.3333333333333335,0.0,0.0,0.0,3.3333333333333335,16.007583810843805,0.0,0.10483237831238412,-0.1640761429874687,0.0,0.0,26.265880637053527,2.5780040313874273,-3.406904776060207,783.1925725478894,0.0,0.0,-750.9417831033883
0,1,5,0.125,72.99272549617159,40.14764745842952,7.578441199155166,76.84516911773369,42.26657845217715,97.22077318242624,26.82167407544099,0.07644837899877159,0.010698957027962685,0.0,0.0,0.0,0.0,20.0,20.254827929995905,16.725335379229396,0.0,55.63405886866396,3.333333333333334,0.0,16.7253353792294,0.0,20.058668712562735,3.2746646207705994,0.0,4.884981308350689e-15,-1.5334527079488027,0.0,0.0,152.01344137149013,61.56451871290241,-1.3102337651720347e-13,983.1492798909878,540.6348710446777,0.0,-1310.2061908512728
0,1,6,0.125,113.9557689610343,62.67181263829241,13.966025559555032,112.98883357672754,62.140030932187386,141.3720297640589,47.59379793175092,0.13617322793525327,-0.007254058364949432,0.0,0.0,0.0,18.14127746238934,21.666666666666664,22.120577426450843,0.0,0.0,50.37825007116296,3.3333333333333335,36.666666666666664,0.0,0.0,40.0,3.4746107957226773,0.0,0.05077840855464899,-23.638984988354117,0.0,1127.2995426622674,558.6410223822013,341.3689211003872,-2.4167373160458565,1079.8697337872118,174.75564251690835,0.0,775.1008471567815
0,1,7,0.125,138.07832933114977,75.93840368195178,17.9243522663154,145.1838590794218,79.84620434127416,181.55392647975663,52.028298000798934,0.06947259428666427,-0.003006888481874837,0.0,0.0,0.0,21.228694099308157,25.000000000000007,25.000000000000007,0.0,0.0,47.4530882064613,0.0,40.00000000000001,0.0,0.0,40.00000000000001,3.7486940993081506,0.0,0.022611801383700225,-24.030209672158428,0.0,1695.0306469517602,716.974090652616,211.02551639092678,-1.176453540726033,1229.1390000000001,97.26163200133001,0.0,1297.806075534699
0,1,8,0.125,157.34218744575338,86.54175644176432,17.865620473223238,175.96846076917825,96.7866274171937,190.49613998747924,68.30633380956618,0.04330710186349843,-0.019729387879281954,0.0,0.0,0.0,20.92108244848287,25.0,25.0,0.0,0.0,45.62963128589295,0.0,40.0,0.0,0.0,40.0,3.9210824484828724,0.0,0.15783510303425885,-22.811201626057066,0.0,2024.881012105702,714.6248189289295,149.91490646678238,-10.781137234725357,1229.1390000000001,60.62994260889781,0.0,1610.432932127241
0,1,9,0.125,154.34382046427783,84.89258688815461,17.421988442850786,145.75537958178847,80.16875044522263,195.0438131965021,62.506671734737225,0.03049548375156934,0.03249816244780945,0.0,0.0,0.0,20.65318273609472,25.0,25.0,0.0,0.0,44.34561091740582,0.0,40.0,0.0,0.0,40.0,4.346817263905277,0.0,3.552713678800501e-15,-21.8730020861575,0.0,1655.7398526695579,696.8795377140315,103.55362016305628,-2.2206830768829357e-13,1229.1390000000001,42.69367725219708,0.0,1184.340333294448
0,1,10,0.125,182.31396017488282,100.27679539429248,24.679163672387716,184.70895048495194,101.59409415223587,205.25593555697887,87.65819082268116,0.04415855248502675,-0.018098273124102827,0.0,20.49936599317947,0.0,0.05154455326820084,25.0,25.0,0.0,0.0,42.48630344435206,0.0,40.0,0.0,0.0,40.0,4.2909105464476704,0.0,0.15817890710465932,-22.4754315529534,2055.610729410775,5.236622197764533,987.1665468955086,177.1231252979661,-13.865676823103383,1229.1390000000001,61.82197347903745,0.0,1948.0417271460803
0,1,11,0.125,178.71404249634958,98.2967593721453,23.32451589353521,171.66113606093924,94.41750155293981,206.36079357324397,83.09042191781462,0.1346833878349857,-0.008544592030726801,0.0,20.49180567362265,0.0,0.0,25.0,25.0,0.0,0.0,36.81542395656319,0.0,40.0,0.0,0.0,40.0,4.431805673622651,0.0,0.07638865275469797,-25.955529839776776,2014.2780914008476,0.0,932.9806357414084,529.5576226176364,-6.3471653871212865,1229.1390000000001,188.55674296898,0.0,2065.4677721780336
0,1,12,0.125,64.5368793708328,35.49431200566881,6.173328335578603,64.98901830647627,35.74298161300178,84.12094967649378,24.723368189562283,0.11847455261755677,-0.021455838097015588,18.231265262439024,0.0,0.5096587746243841,0.0,25.0,25.0,0.0,0.0,36.81542395656319,0.0,0.0,0.0,0.0,0.0,43.74092403706341,0.0,0.0,18.740924037063408,-1176.5889670196818,-33.122223434120365,0.0,0.0,0.0,1229.1390000000001,0.0,0.0,-2438.8501904538025
0,1,13,0.125,55.24923474523757,30.386247293639396,6.396523819579212,50.08286468382901,27.544821543214,66.31122918251701,24.302316899272974,0.04710228267578343,-0.009595910842765487,58.87771265085778,0.0,5.177882395916718,0.0,20.0,20.15700760891928,0.0,0.0,36.81542395656319,3.3333333333333335,0.0,0.0,0.0,3.3333333333333335,84.0555950467745,0.0,0.0,63.89858743785522,-3252.9485675098854,-259.3231833834773,21.32174606526404,4.770872031604207,0.0,978.0782744463754,0.0,0.0,-4464.257407242871
0,1,14,0.125,112.43789983594458,61.83703603782386,13.319044140446117,107.00300734094671,58.84802927439939,144.41695568174532,44.24963862398323,0.021439245767380818,0.0033408191041371877,0.0,0.0,0.0,1.1483469159871174,21.66666666666667,21.738130819224608,0.0,0.0,35.91271887162084,3.3333333333333304,40.0,0.0,1.6079999999999945,44.941333333333326,20.51831975067955,0.0,5.329070518200751e-15,-2.1118552064342397,0.0,67.57795292917613,598.575602397169,59.58049687912043,-2.358094446321063e-13,1060.0437016686037,30.014944074333147,5.171146079092235,-369.4957396165633
0,1,15,0.125,125.34680307817199,68.93649552757866,11.940355241074126,123.00052731673873,67.64612333967659,160.59777974165922,49.54965250143655,0.09960620164678567,-0.009110152343859769,0.0,17.277735934805335,0.0,3.4739103238270133,25.0,25.0,0.0,0.0,31.7187735391246,0.0,40.0,0.0,0.0,40.0,4.17164625863235,0.0,0.07670748273530137,-24.812601807239076,1191.0665659963931,234.996566236578,477.6142096429651,274.6600989737095,-3.8008291137941264,1229.1390000000001,139.44868230549994,0.0,813.5505876579396
0,1,16,0.125,138.46557893057252,76.15919545740952,17.155624020812883,148.3126991444077,81.57533395804087,187.67135731861552,49.09490610237819,0.018212851759111123,-0.02525441606703857,0.0,0.0,0.0,20.898982335731844,25.0,25.0,0.0,0.0,30.9519166229515,0.0,40.0,0.0,0.0,40.0,3.8989823357318456,0.0,0.20203532853631145,-21.8295317346326,0.0,1704.8414634205224,686.2249608325153,55.48304547835876,-9.91890548385334,1229.1390000000001,25.497992462755573,0.0,1201.831382752494
0,1,17,0.125,158.1606968919115,86.99195512200778,15.670136284080748,172.78176871722766,95.03387482177236,206.3855706915972,60.46718544288978,0.037990750073494735,-0.010291932743580305,0.0,0.0,0.0,21.20130233288414,25.0,25.0,0.0,0.0,29.352306093541195,0.0,40.0,0.0,0.0,40.0,3.7213023328841377,0.0,0.07739533423172418,-22.798327670055652,0.0,2014.8419119618616,626.8054513632298,132.1955850177947,-4.679878027404101,1229.1390000000001,53.18705010289263,0.0,1496.1967762673974
0,1,18,0.125,47.762522567791095,26.268668313782126,6.823626604123281,42.826585310810955,23.553977136463782,63.2501942050572,17.750682091118307,0.032270836670495656,-0.002508291360463453,9.89204967022236,0.0,17.26451647660038,0.0,10.0,10.107569455568319,0.0,0.0,29.352306093541195,3.3333333333333335,0.0,0.0,0.0,3.3333333333333335,37.15656614682273,0.0,7.105427357601002e-15,27.048996691254416,-472.4692456157059,-739.3802877350275,22.74542201374427,2.825706349018292,-1.2612618214631018e-13,489.30743734406224,0.0,0.0,-1675.585842332033
0,1,19,0.125,52.35220387453987,28.792923931601045,6.399882824949726,48.97072379577332,26.933160798849737,64.45211702533065,22.1381538714025,0.1052816145113913,-0.017961741475700264,31.529025381432987,0.0,8.016177869831317,0.0,16.666666666666668,17.017605381704637,0.0,0.0,24.919396008851034,3.3333333333333335,40.00000000000001,0.0,0.0,43.33333333333334,56.21186991793097,0.0,7.105427357601002e-15,34.98299995577067,-1650.6139647343218,-392.5580323612999,277.3282557478215,131.35917244764752,-1.5730104416464386e-13,824.4577905195523,147.39426031594783,0.0,-2606.3366197356527
0,1,20,0.125,85.67221712563288,47.1168172437212,10.258702260709946,89.93443090247213,49.460890437047254,102.2779613212973,37.98422046131565,0.07016056687505283,0.01011113052131195,0.0,0.0,0.0,16.969666608436064,20.0,20.233868556250176,0.0,0.0,24.55515895917111,3.3333333333333335,4.9319042392025825,0.0,0.0,8.265237572535916,3.0303333915639357,0.0,0.0,-17.54956036188217,0.0,839.3348208730755,84.79061137067899,27.322748001895672,0.0,982.0627459560093,12.110881901857526,0.0,-42.72544761221663
0,1,21,0.125,109.01932624207056,59.95693636653169,11.393647516749327,92.6595097152894,50.959591471128846,129.94052996854907,48.450983029831875,0.0840582844297553,0.042411882402340666,0.0,0.0,0.0,17.09167084809747,20.0,20.280194281432518,0.0,0.0,21.015862772655098,3.3333333333333335,40.00000000000001,0.0,0.0,43.33333333333334,2.9083291519025307,0.0,0.0,-20.7341965067202,0.0,870.9845639780493,493.7247257258043,218.394679127502,0.0,984.4642715494618,117.68159820165744,0.0,480.95809908023654
0,1,22,0.125,52.525970528918776,28.888492975329765,6.033469528003066,50.45360165471371,27.748721295493706,63.36984310381609,22.924526321294856,0.0722370421169653,0.015967564735415676,122.48813999382506,0.0,6.031875460658654,0.0,20.0,20.240790140389883,0.0,0.0,21.015862772655098,3.3333333333333335,0.0,0.0,0.0,3.3333333333333335,153.33998454551627,4.819969091032561,0.0,133.09919440512638,-6433.808431457733,-304.32984172291447,20.111565093343554,6.956064279181842,305.44068506397645,982.4215608778117,0.0,0.0,-7998.932889749909
0,1,23,0.125,66.16253393358974,36.38839753980779,5.218977780800473,65.43984973150435,35.990932109181784,77.42945681755542,30.191759585106404,0.03377370501876243,0.02567411860975851,0.0,0.0,49.97437657297908,0.0,25.0,25.0,0.0,0.0,21.015862772655098,0.0,0.0,0.0,0.0,0.0,78.92562342702091,3.951246854041827,0.0,53.92562342702091,0.0,-3270.3156933613627,0.0,0.0,305.94289766053333,1229.1390000000001,0.0,0.0,-4805.397591021896
1,0,0,0.125,131.94640945363525,72.56605547018185,12.377135025146687,145.43904285039355,79.98654677087191,158.7053438955814,57.84954799508038,0.08915776323498446,-0.057610217703540856,0.0,0.0,0.0,6.9538531507334245,20.0,20.0,10.402121305007723,0.0,27.579753149243405,0.0,0.0,10.402121305007723,0.0,10.402121305007723,2.3559744557411477,0.0,0.28805108851770456,-8.169334107704596,0.0,556.214700278914,128.74845994003567,67.29992727889768,-16.663625270240097,1057.3390000000002,331.61420027939903,0.0,-620.0264875113116
1,0,1,0.125,125.31662647998209,68.9198994208167,15.8496587498318,131.99919954572556,72.59508823254926,154.44691483726973,52.89922762269458,0.17982693738097102,-0.054103418556813145,0.0,18.999785017718324,0.0,0.0,21.666666666667084,22.266089791270247,0.0,0.0,26.083287856007477,3.333333333332917,7.9056121918059645,0.0,0.0,11.238945525138881,2.3931183510512626,0.0,0.27376329789749576,-21.294613468793113,1309.463272438287,0.0,178.13345128140043,139.2916070798966,-14.481867010219172,1087.4130947794497,49.757471000094625,0.0,504.19963203025884
1,0,2,0.125,49.700007630941656,27.334255928309222,3.819150982699336,48.261204238502984,26.542935724668986,62.50960023773431,20.28917285203497,0.056407923730877337,-0.043684392547513815,8.539180640991088,0.0,43.435206301819335,0.0,10.0,10.0,28.235572311886703,0.0,48.67174570551684,0.0,0.0,0.0,0.0,0.0,33.73881463092371,0.0,1.4210854715202004e-14,51.97438694281041,-424.3973430192463,-2096.2353624736147,0.0,0.0,-2.8832648769188963e-13,484.09999999999997,988.2450309160346,0.0,-3992.977736408895
1,0,3,0.125,66.86763771338995,36.77619400286262,9.31637194837816,64.71733130061394,35.59355785021721,81.30404804761436,28.836385669390502,0.09643818240514795,-0.05484749498688255,0.0,0.0,39.355434066343165,0.0,25.0,25.0,0.0,0.0,48.67174570551684,0.0,0.0,0.0,0.0,0.0,64.35543406634316,0.0,0.0,39.355434066343165,0.0,-2546.9786649509983,0.0,0.0,0.0,1229.1390000000001,0.0,0.0,-3776.1176649509985
1,0,4,0.125,95.95947566983646,52.77987872490666,7.960112577294448,93.75737626035986,51.56867431845222,108.83755710754575,45.69664310125242,0.05252577913913886,-0.06872763020964234,0.0,0.0,0.0,0.0,21.666666666666664,21.841752597130462,4.5029009254998,0.0,52.0848517423181,3.3333333333333335,0.0,4.5029009254998,1.3060000000000012,9.142234258833135,14.956234258833152,0.0,2.20753148233371,-2.6877344598514483,0.0,0.0,72.77321390830983,25.345054916725296,-100.87677828298227,1065.4154546352431,149.32338911005505,10.289800133357312,-1026.033596770638
1,0,5,0.125,98.31705028302515,54.07659800458622,13.454069535124898,110.70619670997868,60.89090833043204,121.31070316398305,41.429569641539025,0.1322733978640963,-0.04035727027911008,0.0,0.0,0.0,18.29590911096235,21.666666666666664,22.10757799288032,0.0,0.0,49.53359963559795,3.3333333333333357,18.323332888706364,0.0,0.0,21.6566662220397,3.1092424442956834,0.0,0.26151511140863093,-21.422025049968774,0.0,1114.0545244975247,291.3702932503127,154.90786739761083,-10.834458520418712,1079.1958431509158,84.82913254844483,0.0,407.14216796650624
1,0,6,0.125,102.44876534750968,56.34335045449931,10.175673090767374,98.68380283303699,54.2727486109199,128.64648048134057,41.93549458736704,0.09902139683168275,-0.002680380006000108,0.0,0.0,0.0,0.0,21.666666666666664,21.99673798943894,18.157285336645657,0.0,62.62106009954961,3.3333333333333335,0.0,18.157285336645664,0.0,21.490618669978996,3.4906186699789994,0.0,0.018762660042007884,-2.1467937395203682,0.0,0.0,218.68151010404821,119.90040088911572,-0.7868214286362294,1073.4498973725147,572.576395297885,0.0,-1306.6575602485996
1,0,7,0.125,119.9674189016917,65.97801645897577,16.49001221680386,116.71391455064678,64.1886992794631,159.66413689323056,44.14616630339875,0.1170594834673082,-0.007203397874651029,0.0,0.0,0.0,21.212915223991274,25.0,25.0,0.0,0.0,57.69223974303137,0.0,40.0,0.0,0.0,40.0,3.732915223991312,0.0,0.054169552017413025,-25.949464114701016,0.0,1361.6294361535204,659.6004886721544,308.9341010754105,-2.3913780519413246,1229.1390000000001,163.88327685423147,0.0,939.533127098795
1,0,8,0.125,166.9293108645798,91.81489083348782,20.15590182172302,171.15636603846193,94.13986664107362,214.3773520303583,65.71739664666451,0.07676624544625113,-0.022168343433002894,0.0,0.0,0.0,20.91132662626799,25.0,25.0,0.0,0.0,54.45997677687343,0.0,40.0,0.0,0.0,40.0,3.9113266262679884,0.0,0.17734674746402135,-24.159323191582054,0.0,1968.5894998848005,806.2360728689208,281.9313778137712,-11.654766547088935,1229.1390000000001,107.47274362475157,0.0,1731.7999734898297
1,0,9,0.125,171.23257332588636,94.18178237018884,14.811326410790176,169.04434462875182,92.97820716877258,204.97176581191266,75.62446455182456,0.21573045617881523,-0.004061154649851939,0.0,0.0,0.0,20.77290253892413,25.0,25.0,0.0,0.0,45.376589148291735,0.0,40.0,0.0,0.0,40.0,4.192902538924123,0.0,0.03419492215174813,-29.436315708228484,0.0,1931.4272357608097,592.453056431607,812.7151549781894,-2.585972678117277,1229.1390000000001,302.0226386503413,0.0,1808.0197811983817
1,0,10,0.125,226.66725153163975,124.67210729568849,34.228180756531,222.4050683695322,122.32781030126371,270.2671909395875,100.69115597950585,0.04351502025753422,0.01477696658275405,0.0,20.565424656033365,0.0,0.0,25.0,25.0,0.0,0.0,43.544377769027136,0.0,40.0,0.0,0.0,40.0,4.434575343966635,0.0,0.0,-22.306025466334734,2563.934829298389,0.0,1369.1272302612401,217.00437098085456,0.0,1229.1390000000001,60.92102836054791,0.0,2860.0064021799353
1,0,11,0.125,171.26603280476658,94.2001858392071,26.87767428784415,156.16181160093004,85.89252307002374,246.08736174325824,53.0467651911275,0.04446461804941755,0.0016659255859289728,0.0,0.0,0.0,20.522553312630897,25.0,25.0,0.0,0.0,41.672183324841136,0.0,40.0,0.0,0.0,40.0,4.477446687369103,0.0,0.0,-22.3011380346076,0.0,1762.7338838609414,1075.106971513766,167.54301134097983,0.0,1229.1390000000001,62.250465269184566,0.0,1713.9944014465027
1,0,12,0.125,72.14231660037403,39.6771879766887,8.374708491529166,71.84557831144465,39.51398638538201,93.77786697867538,27.777961007111042,0.0361811638524039,0.014071582741658813,0.0,0.0,19.07100025144787,0.0,25.0,25.0,0.0,0.0,40.24698362382275,0.0,37.42112115272681,0.0,0.0,37.42112115272681,45.32899974855216,1.2579994971042865,0.0,18.97506003258469,0.0,-1370.1670420429787,313.3909810802829,53.72052061954567,117.97250949868629,1229.1390000000001,47.387890058861316,0.0,-2397.5549399006973
1,0,13,0.125,82.7792580505402,45.52734562761568,9.217747784593444,79.63797289625647,43.799686087025734,117.0507924620478,26.678517683436624,0.09470784111116476,0.033471961082986175,0.0,0.0,57.029234662886964,0.0,25.0,25.0,0.0,0.0,36.259285050721076,0.0,40.0,0.0,8.040000000000001,48.04,87.71076533711303,5.681530674226067,0.0,58.16100065013268,0.0,-4541.692644377242,442.820603571869,207.13870942847527,665.0276678155939,1229.1390000000001,132.59097755563067,114.21765638006471,-6032.708633128187
1,0,14,0.125,118.07772844670598,64.93875072263792,13.451709439743636,129.2092709499919,71.06072201467204,171.5349705588401,35.53907844314953,0.035307888813537844,0.01511622218079193,0.0,0.0,0.0,0.9075399230695327,21.66666666666667,21.784359629378464,0.0,0.0,34.77263710067738,3.3333333333333304,40.0,0.0,1.6079999999999945,44.941333333333326,20.75912674359714,8.881784197001252e-16,0.0,-2.494323523535007,0.0,64.49044219046091,604.5377578346653,103.04374468139738,1.523536590742581e-13,1062.4402031869797,49.43104433895299,8.516262781825299,-348.3155656012345
1,0,15,0.125,126.73875184987722,69.70202019928037,12.26603296825599,133.10988311467278,73.20592657068809,150.43717316224962,56.668691269525425,0.034688233092231006,-0.010454639699082578,0.0,17.277735934805335,0.0,3.468250032061519,25.0,25.0,0.0,0.0,33.3120799178466,0.0,40.0,0.0,0.0,40.0,4.165985966866862,0.0,0.08802806626628268,-22.221543356822377,1204.2930991256337,253.89645717588218,490.6413187302396,96.71359694688124,-4.988435310297299,1229.1390000000001,48.56352632912341,0.0,772.8303809598109
1,0,16,0.125,196.55020950216712,108.10705402947788,28.799894775770973,195.54419763312083,107.55372478217384,249.2812532388241,79.10378911967027,0.10396003000253519,0.002070830544922681,0.0,20.973209158139284,0.0,0.018507519681026707,25.0,25.0,0.0,0.0,28.934815496687225,0.0,40.0,0.0,0.0,40.0,4.0082833221796905,0.0,0.0,-25.15011787792172,2267.351855630504,1.9905526781738123,1151.995791030839,449.55250321560857,0.0,1229.1390000000001,145.54404200354927,0.0,2496.207660551576
1,0,17,0.125,195.17870258476506,107.35269425139913,20.595521306857336,205.24123517976838,112.8873144264512,248.69955285984992,77.91501790881348,0.14718690655645872,0.0071835961100619496,0.0,21.176036180017167,0.0,0.03695349860899455,25.0,25.0,0.0,0.0,22.73747206273107,0.0,40.0,0.0,0.0,40.0,3.7870103213738324,0.0,7.105427357601002e-15,-27.10046594088452,2273.304537489949,4.171581216630995,823.8208522742934,632.0364390945907,-5.536194998172553e-13,1229.1390000000001,206.0616691790422,0.0,2298.1327408964216
1,0,18,0.125,60.32584804226151,33.178308175004716,7.023481607414761,58.520147998091815,32.18520033680058,77.37925448951732,23.79919138008971,0.09197417448510706,0.03068166410798297,9.89204967022236,0.0,4.548391675088599,0.0,25.0,25.0,3.3333333333333215,0.0,25.158874264104107,0.0,0.0,3.3333333333333335,0.0,3.3333333333333335,38.39289198802237,2.2857839760447334,0.0,16.41964473973867,-596.7462852323372,-266.17255397947355,23.411605358049204,10.171825017361792,176.8722599904262,1229.1390000000001,105.93634631007042,0.0,-2341.2830151368967
1,0,19,0.125,73.3278203506901,40.32919719076648,7.3596859425529395,79.51217753703473,43.730500533391734,93.94689052715178,28.989019028373452,0.006790630472144109,-0.0124209402265385,31.529025381432987,0.0,0.0,0.0,25.0,25.0,0.0,0.0,24.87295298106646,0.0,40.0,0.0,5.400000000000006,45.400000000000006,56.52902538143299,0.0,0.0,31.220730757997643,-2311.9547090020665,0.0,334.1297417919035,12.433274661377027,0.0,1229.1390000000001,9.506882661001752,5.500410682436734,-3209.5379858922242
1,0,20,0.125,158.0176445929139,86.90435162486305,16.39913427433302,157.44477101956446,86.5892905658072,198.14381425106,64.83631760047274,0.027088808576560645,-0.023331274464456247,0.0,21.930006176606632,0.0,0.0,25.0,25.0,0.0,0.0,23.73237156731654,0.0,40.0,0.0,0.0,40.0,2.930006176606631,0.0,0.1399876467867358,-23.153546166455794,1905.8129679072413,0.0,655.9653709733208,94.1654138254413,-9.0762835272076,1229.1390000000001,37.92433200718491,0.0,1397.9567042260257
1,0,21,0.125,102.18771718529624,56.199782808376845,9.309197779116642,106.72784342031339,58.696698439322084,127.9202458561156,42.047763737551904,0.02461202267481109,-0.03411477173584994,0.0,0.0,0.0,18.781486453523634,21.666666666666657,21.74870674224936,0.0,0.0,22.69607587574555,3.333333333333343,40.0,0.0,0.0,43.33333333333334,2.6948197868569785,0.0,0.19036042628604477,-20.038367862384828,0.0,1102.4112466046895,403.3985704283879,59.93824758129995,-8.004230229455276,1060.591957518207,34.456831744735524,0.0,478.70350558089024
1,0,22,0.125,82.46932833602148,45.356888950841075,12.473130528983752,74.13998436539525,40.77587517115158,95.02763212184514,38.45001094276913,0.022109727960743415,-0.06208521935109839,16.559477843338726,0.0,100.00000000000003,0.0,25.0,25.0,0.0,0.0,21.765139961608984,0.0,40.0,0.0,14.830000000000002,54.83,141.55947784333873,0.0,2.842170943040401e-14,115.34720145925117,-1365.6490153353743,-7413.998436539528,683.9017469041792,54.98508533078668,-1.0928150386112387e-12,1229.1390000000001,30.95361914504078,49.18308984867373,-9350.036328633649
1,0,23,0.125,73.80468021331461,40.591462935748005,8.417737580773613,75.63782971078668,41.59966755999754,90.59004614059329,31.35976439128113,0.04192207408821923,-0.03421670228593113,0.0,0.0,49.317024759097606,0.0,25.0,25.0,0.0,0.0,19.99999999999975,0.0,40.0,0.0,0.0,40.0,74.3170247590976,0.0,0.0,47.64014179556884,0.0,-3730.232720571275,336.7095032309445,68.06713266166531,0.0,1229.1390000000001,58.69090372350692,0.0,-4613.285988402173
1,1,0,0.125,131.94640945363525,72.56605547018185,12.377135025146687,145.43904285039355,79.98654677087191,157.1456934113622,58.70730292771244,0.24865371398230485,0.057610217703540856,0.0,0.0,0.0,6.9538531507334245,20.0,20.0,10.402121305007723,0.0,26.252476167378475,0.0,0.0,10.402121305007723,0.0,10.402121305007723,2.6440255442588523,0.0,0.0,-9.540379246518054,0.0,556.214700278914,128.74845994003567,187.69399614178036,0.0,1057.3390000000002,273.5458323228083,0.0,-458.2276759620783
1,1,1,0.125,125.31662647998209,68.9198994208167,15.8496587498318,131.99919954572556,72.59508823254926,156.4218379657686,51.81308680321022,0.04542705222879411,0.054103418556813145,0.0,18.999785017718324,0.0,0.0,21.666666666667084,21.81809017409638,0.0,0.0,25.8744460011282,3.333333333332917,7.9056121918059645,0.0,0.0,11.238945525138881,2.666881648948737,0.0,2.1316282072803006e-14,-19.5103371830854,1309.463272438287,0.0,178.13345128140043,35.18720388617766,-1.104462373359856e-12,1064.1887946251566,12.569503027821638,0.0,446.02562995288804
1,1,2,0.125,49.700007630941656,27.334255928309222,3.819150982699336,48.261204238502984,26.542935724668986,60.023755373766406,21.656350101067606,0.032254901467560514,0.043684392547513815,8.539180640991088,0.0,43.435206301819335,0.0,10.0,10.0,28.235572311886703,0.0,48.46290385063756,0.0,0.0,0.0,0.0,0.0,36.82118536907629,3.0823707381525622,0.0,55.05675768096299,-424.3973430192463,-2096.2353624736147,0.0,0.0,185.01546715812518,484.1,988.2450309160346,0.0,-4177.993203567021
1,1,3,0.125,66.86763771338995,36.77619400286262,9.31637194837816,64.71733130061394,35.59355785021721,86.107359271819,26.194636813320106,0.1016041956993375,0.05484749498688255,0.0,0.0,39.355434066343165,0.0,25.0,25.0,0.0,0.0,48.46290385063756,0.0,0.0,0.0,0.0,0.0,71.82456593365683,7.4691318673136635,0.0,46.82456593365683,0.0,-2546.9786649509983,0.0,0.0,643.14722114737,1229.1390000000001,0.0,0.0,-4419.264886098368
1,1,4,0.125,95.95947566983646,52.77987872490666,7.960112577294448,93.75737626035986,51.56867431845222,125.2819518094802,36.65185464222772,0.061397186905088906,0.06872763020964234,0.0,0.0,0.0,0.0,21.666666666666664,21.871323956350295,4.5029009254998,0.0,51.84405223124699,3.3333333333333335,0.0,4.5029009254998,1.3060000000000012,9.142234258833135,17.163765741166863,0.0,0.0,-0.5613074655196849,0.0,0.0,72.77321390830983,29.625739957513694,0.0,1066.9484338971993,147.9252416516627,12.027708914706928,-1124.5024305977454
1,1,5,0.125,98.31705028302515,54.07659800458622,13.454069535124898,110.70619670997868,60.89090833043204,124.09477696080623,39.89826617899096,0.06398006417715932,0.04035727027911008,0.0,0.0,0.0,18.29590911096235,21.666666666666664,21.879933547257195,0.0,0.0,50.610022742658686,3.3333333333333357,18.323332888706364,0.0,0.0,21.6566662220397,3.370757555704317,0.0,0.0,-19.681504005711766,0.0,1114.0545244975247,291.3702932503127,74.92825812057124,0.0,1067.394755089813,41.031480495561055,0.0,371.9268402830344
1,1,6,0.125,102.44876534750968,56.34335045449931,10.175673090767374,98.68380283303699,54.2727486109199,129.3700952483283,41.53753097821914,0.03353827570649095,0.002680380006000108,0.0,0.0,0.0,0.0,21.666666666666664,21.778460919021633,18.157285336645657,0.0,64.64867977861374,3.3333333333333335,0.0,18.157285336645664,0.0,21.490618669978996,3.509381330021,0.0,7.105427357601002e-15,-0.7207582940568245,0.0,0.0,218.68151010404821,40.60993715503033,-2.9514190897983737e-13,1062.1344140420815,614.1912453230334,0.0,-1417.0342121060362
1,1,7,0.125,119.9674189016917,65.97801645897577,16.49001221680386,116.71391455064678,64.1886992794631,149.450301414471,49.7634298195797,0.058022047118077236,0.007203397874651029,0.0,0.0,0.0,21.212915223991274,25.0,25.0,0.0,0.0,62.20564621574733,0.0,40.0,0.0,0.0,40.0,3.7870847760086876,0.0,3.907985046680551e-14,-23.533797108714403,0.0,1361.6294361535204,659.6004886721544,153.1271831895987,-1.944747396064545e-12,1229.1390000000001,81.23086596530813,0.0,863.9872420499669
1,1,8,0.125,166.9293108645798,91.81489083348782,20.15590182172302,171.15636603846193,94.13986664107362,201.81011682929565,72.62965982014875,0.08224119880627943,0.022168343433002894,0.0,0.0,0.0,20.91132662626799,25.0,25.0,0.0,0.0,58.74285889758819,0.0,40.0,0.0,0.0,40.0,4.088673373732012,0.0,0.0,-24.200974578519165,0.0,1968.5894998848005,806.2360728689208,302.0386676165486,0.0,1229.1390000000001,115.13767832879121,0.0,1732.5875620414783
1,1,9,0.125,171.23257332588636,94.18178237018884,14.811326410790176,169.04434462875182,92.97820716877258,210.18643726627528,72.75627748608377,0.012590988667172823,0.004061154649851939,0.0,0.0,0.0,20.77290253892413,25.0,25.0,0.0,0.0,58.21271200633881,0.0,40.0,0.0,0.0,40.0,4.227097461075877,7.105427357601002e-15,0.0,-21.276542085611034,0.0,1931.4272357608097,592.453056431607,47.43367017908739,1.493464461548479e-12,1229.1390000000001,17.62738413404195,0.0,1324.5475782374608
1,1,10,0.125,226.66725153163975,124.67210729568849,34.228180756531,222.4050683695322,122.32781030126371,273.3556127736381,98.9924542232208,0.016020147836850636,-0.01477696658275405,0.0,20.565424656033365,0.0,0.0,25.0,25.0,0.0,0.0,57.53817946583984,0.0,40.0,0.0,0.0,40.0,4.305424656033365,0.0,0.12915068793326867,-21.33538125744066,2563.934829298389,0.0,1369.1272302612401,79.89062360034538,-12.784943563131574,1229.1390000000001,22.42820697159089,0.0,2774.170419751515
1,1,11,0.125,171.26603280476658,94.2001858392071,26.87767428784415,156.16181160093004,85.89252307002374,217.25124515234577,68.9072805382746,0.13833455761541513,-0.0016659255859289728,0.0,0.0,0.0,20.522553312630897,25.0,25.0,0.0,0.0,51.71356651361183,0.0,40.0,0.0,0.0,40.0,4.462553312630898,0.0,0.014893374738203846,-26.070828991985707,0.0,1762.7338838609414,1075.106971513766,521.2456414142642,-1.0262619512470645,1229.1390000000001,193.66838066158118,0.0,1937.3053780786377
1,1,12,0.125,72.14231660037403,39.6771879766887,8.374708491529166,71.84557831144465,39.51398638538201,89.45744251728162,30.154129413836632,0.11402643353306306,-0.014071582741658813,0.0,0.0,19.07100025144787,0.0,25.0,25.0,0.0,0.0,47.22199074113382,0.0,37.42112115272681,0.0,0.0,37.42112115272681,44.071000251447856,0.0,1.4210854715202004e-14,14.804003267593753,0.0,-1370.1670420429787,313.3909810802829,169.302441424343,-4.2851595216343173e-13,1229.1390000000001,149.34489443489363,0.0,-2265.957513973246
1,1,13,0.125,82.7792580505402,45.52734562761568,9.217747784593444,79.63797289625647,43.799686087025734,106.33266601444953,32.5733258606538,0.038733360635574185,-0.033471961082986175,0.0,0.0,57.029234662886964,0.0,25.0,25.0,0.0,0.0,45.59111239858333,0.0,40.0,0.0,8.040000000000001,48.04,82.02923466288696,0.0,0.0,55.16848401795398,0.0,-4541.692644377242,442.820603571869,84.71503773867275,0.0,1229.1390000000001,54.22670488980386,46.71243292650247,-5344.235140883006
1,1,14,0.125,118.07772844670598,64.93875072263792,13.451709439743636,129.2092709499919,71.06072201467204,137.02110349363764,54.52053616007235,0.025683878802840038,-0.01511622218079193,0.0,0.0,0.0,0.9075399230695327,21.66666666666667,21.752279596009473,0.0,0.0,44.50968592267427,3.3333333333333304,40.0,0.0,1.6079999999999945,44.941333333333326,20.140873256402752,0.0,0.6182534871943863,-2.6800611688352873,0.0,64.49044219046091,604.5377578346653,74.95670624104409,-33.70751160467237,1060.777174257131,35.957430323976055,6.194951567244996,-325.2371382775093
1,1,15,0.125,126.73875184987722,69.70202019928037,12.26603296825599,133.10988311467278,73.20592657068809,166.2729950627454,47.959525668084076,0.05007837780057312,0.010454639699082578,0.0,17.277735934805335,0.0,3.468250032061519,25.0,25.0,0.0,0.0,42.401122646860664,0.0,40.0,0.0,0.0,40.0,4.254014033133138,0.0,7.105427357601002e-15,-22.749121078889786,1204.2930991256337,253.89645717588218,490.6413187302396,139.62256404010964,-3.4077292573957206e-13,1229.1390000000001,70.10972892080238,0.0,789.2047101510634
1,1,16,0.125,196.55020950216712,108.10705402947788,28.799894775770973,195.54419763312083,107.55372478217384,233.91820809675474,87.55381090004741,0.02235622492291297,-0.002070830544922681,0.0,20.973209158139284,0.0,0.018507519681026707,25.0,25.0,0.0,0.0,41.45980791326433,0.0,40.0,0.0,0.0,40.0,3.9917166778203095,0.0,0.016566644359379268,-21.90253231909621,2267.351855630504,1.9905526781738123,1151.995791030839,96.6746246254605,-1.4504728474894295,1229.1390000000001,31.29871489207816,0.0,2259.0255819203885
1,1,17,0.125,195.17870258476506,107.35269425139913,20.595521306857336,205.24123517976838,112.8873144264512,232.6036133303275,86.76814815365358,0.04425414512415758,-0.0071835961100619496,0.0,21.176036180017167,0.0,0.03695349860899455,25.0,25.0,0.0,0.0,39.596475486984005,0.0,40.0,0.0,0.0,40.0,3.732989678626167,0.0,0.05402064274766971,-23.037176126340135,2273.304537489949,4.171581216630995,823.8208522742934,190.0320684348294,-4.687271133285398,1229.1390000000001,61.95580317382062,0.0,2004.921507375167
1,1,18,0.125,60.32584804226151,33.178308175004716,7.023481607414761,58.520147998091815,32.18520033680058,73.91447802951407,25.704766268435367,0.2176540713676716,-0.03068166410798297,9.89204967022236,0.0,4.548391675088599,0.0,25.0,25.0,3.3333333333333215,0.0,41.682731296670205,0.0,0.0,3.3333333333333335,0.0,3.3333333333333335,36.10710801197763,0.0,7.105427357601002e-15,13.714927774085378,-596.7462852323372,-266.17255397947355,23.411605358049204,24.07131285127026,-1.8264334946448008e-13,1229.1390000000001,91.27369167377122,0.0,-2135.8486126762623
1,1,19,0.125,73.3278203506901,40.32919719076648,7.3596859425529395,79.51217753703473,43.730500533391734,88.12786711301763,32.18939429664085,0.06456575161719336,0.0124209402265385,31.529025381432987,0.0,0.0,0.0,25.0,25.0,0.0,0.0,38.96417333384101,0.0,40.0,0.0,5.400000000000006,45.400000000000006,57.950974618567116,1.421949237134129,0.0,30.019689495146537,-2311.9547090020665,0.0,334.1297417919035,118.21637576478876,125.3133534116133,1229.1390000000001,90.3920522640707,52.29825880992667,-3356.751255930985
1,1,20,0.125,158.0176445929139,86.90435162486305,16.39913427433302,157.44477101956446,86.5892905658072,199.23048626912743,64.23868480191838,0.1476814196551325,0.023331274464456247,0.0,21.930006176606632,0.0,0.0,25.0,25.0,0.0,0.0,32.74600829573017,0.0,40.0,0.0,0.0,40.0,3.069993823393369,0.0,0.0,-27.837262962811934,1905.8129679072413,0.0,655.9653709733208,513.3663208867439,0.0,1229.1390000000001,206.75398751718552,0.0,1639.25167225012
1,1,21,0.125,102.18771718529624,56.199782808376845,9.309197779116642,106.72784342031339,58.696698439322084,122.7460776277559,44.89338098644823,0.04861490697260231,0.03411477173584994,0.0,0.0,0.0,18.781486453523634,21.666666666666657,21.82871635657533,0.0,0.0,30.699064844252177,3.333333333333343,40.0,0.0,0.0,43.33333333333334,2.885180213143021,0.0,3.552713678800501e-15,-20.888132422336405,0.0,1102.4112466046895,403.3985704283879,118.39304590142015,-1.5949332871815695e-13,1064.7396559248652,68.06086976164323,0.0,491.40233724798946
1,1,22,0.125,82.46932833602148,45.356888950841075,12.473130528983752,74.13998436539525,40.77587517115158,96.76974708801629,37.49187394014594,0.07806634828858865,0.06208521935109839,16.559477843338726,0.0,100.00000000000003,0.0,25.0,25.0,0.0,0.0,27.412060705785287,0.0,40.0,0.0,14.830000000000002,54.83,160.3005221566613,18.741044313322533,0.0,131.02014427999796,-1365.6490153353743,-7413.998436539528,683.9017469041792,194.1446240194549,1813.5661183655275,1229.1390000000001,109.29288760402412,173.65859176796548,-11227.257678688784
1,1,23,0.125,73.80468021331461,40.591462935748005,8.417737580773613,75.63782971078668,41.59966755999754,87.49086539923552,33.06426713867347,0.17603644176240202,0.03421670228593113,0.0,0.0,49.317024759097606,0.0,25.0,25.0,0.0,0.0,19.999999999999936,0.0,40.0,0.0,0.0,40.0,79.58297524090241,5.265950481804808,0.0,47.541517570406334,0.0,-3730.232720571275,336.7095032309445,285.82306804558016,460.7225648026239,1229.1390000000001,246.45101846736284,0.0,-5044.012732564736
2,0,0,0.125,120.391791971169,66.2114072714068,15.050078346007174,112.90768981668879,62.095404612938424,163.0428462954664,42.75477221195665,0.019950946561381074,0.01583412637486572,0.0,0.0,0.0,0.0,20.0,20.0,17.460414684062833,0.0,33.68965030700923,0.0,0.0,17.460414684062833,0.0,17.460414684062833,2.5395853159371646,0.0,2.220446049250313e-15,-0.3483518003012932,0.0,0.0,262.78060894891973,23.06486292347655,-9.493466504463622e-14,1057.3390000000002,598.922200931654,0.0,-1370.4157290592577
2,0,1,0.125,115.1371527017145,63.321533675892105,16.213529293097167,126.32616357504236,69.47511062468878,143.02266237616155,47.98544798603277,0.043993603086624214,-0.008230484930499925,0.0,0.0,0.0,22.44917687312592,25.0,25.0,0.0,0.0,33.07513306433841,0.0,13.269915159887791,0.0,0.0,13.269915159887791,2.509176873125835,0.0,0.04164625374824382,-23.074614507411447,0.0,1559.6590466936284,215.15215816175487,36.96656556238698,-1.9984141430494762,1229.139,20.432698318804835,0.0,564.204486242015
2,0,2,0.125,70.57616024974477,38.81582556343235,8.033484094605626,69.93254367594173,38.46184613794266,82.45951864698945,32.28015735729944,0.05123935218748426,0.028317238829607856,8.539180640991088,0.0,0.7417871731003451,0.0,25.0,25.0,0.0,0.0,33.07513306433841,0.0,0.0,0.0,0.0,0.0,36.27903218590856,1.9980643718171294,0.0,11.279032185908562,-602.6625813201053,-51.87506388109323,0.0,0.0,164.75942632573984,1229.1390000000001,0.0,0.0,-2048.4360715269386
2,0,3,0.125,77.41344793760997,42.576230851564176,5.812121496841891,73.68692276948678,40.52669811456418,95.96177076412434,32.37493255507864,0.07279240174829359,0.03671652737761515,0.0,0.0,40.589971650858175,0.0,25.0,25.0,0.0,0.0,33.07513306433841,0.0,0.0,0.0,0.0,0.0,70.59002834914182,5.000056698283643,0.0,45.59002834914182,0.0,-2990.950106252444,0.0,0.0,479.81429468831936,1229.1390000000001,0.0,0.0,-4699.903400940764
2,0,4,0.125,96.6846281868433,53.1787289857852,13.430597855513971,97.84229971030491,53.815474468032434,111.17343113070403,45.20956015792322,0.20133295153536795,0.037086951918621935,0.0,0.0,0.0,0.0,25.0,25.0,9.535616447813053,0.0,39.16775917927093,0.0,0.0,9.535616447813055,0.6863692958973364,10.221985743710391,16.655616447813077,1.1912328956261309,0.0,-0.8667896647075355,0.0,0.0,137.28737980857116,109.44302398261581,132.4334482825208,1229.1390000000001,266.55239252829773,20.728313427939458,-1402.1227504475712
2,0,5,0.125,104.7944477873556,57.63931291465776,13.96460581616136,98.90580870118164,54.400428430832854,147.63890989343372,34.07389117586975,0.10052920050019774,0.031893141345756444,0.0,0.0,0.0,0.0,25.000000000000032,25.000000000000032,21.656666222039878,0.0,54.75139028426179,0.0,0.0,21.65666622203988,0.0,21.65666622203988,3.3433337779602508,9.636735853746359e-14,0.0,-2.177127340801211,0.0,0.0,302.42680708296336,125.48812405150328,1.4227571763780808e-11,1229.1390000000001,681.78386084335,0.0,-1483.0079297088978
2,0,6,0.125,119.33257466635946,65.62887363510656,13.47141475205057,119.58599377808471,65.76824556189719,137.38493659446283,55.700686104525325,0.017529643389544994,0.04207195435422111,0.0,0.0,0.0,18.32879814873614,21.976049988975916,22.02905875429698,0.0,0.0,54.069098736618905,3.0239500110240822,36.976049988975916,0.0,0.0,40.0,3.647251840239774,0.0,0.0,-19.02998388431794,0.0,1205.452897500525,538.8565900820229,46.018030035237175,0.0,1075.1254058227553,22.686193959125795,0.0,692.515917835904
2,0,7,0.125,98.48493513845878,54.1633781156124,10.496453091031572,93.06738390049276,51.18390845611449,125.65823977002188,39.21898107315215,0.04677032879390973,-0.006724343536501787,0.0,0.0,0.0,0.0,25.00000000000071,25.00000000000071,21.214716468303454,0.0,70.24709649966798,0.0,0.0,21.21471646830347,0.0,21.21471646830347,3.734716468302753,0.0,0.05056706339450345,-1.0427863278866283,0.0,0.0,222.67927624908236,53.741947196281785,-1.9831887021939159,1229.1390000000001,707.7874021333965,0.0,-1658.5219899858384
2,0,8,0.125,194.46106565672468,106.95797773418089,23.694658510355264,172.7680872616867,95.02634971224886,249.16990562811108,76.86688022959382,0.028420533721769673,0.010699705676095671,0.0,20.957201177295616,0.0,0.0,25.0,25.0,0.0,0.0,69.05044244822504,0.0,40.0,0.0,0.0,40.0,4.042798822704382,0.0,0.0,-22.094022526166402,2241.539856891934,0.0,947.7863404142106,121.59211252026311,0.0,1229.1390000000001,39.788747210477545,0.0,2041.9905626159298
2,0,9,0.125,198.2387720572386,109.03580156851956,24.29801727726137,208.58053042505094,114.72400222452835,228.90541566214205,92.16845502386231,0.027848775861502174,0.020886467410460154,0.0,0.0,0.0,20.702067972201963,25.0,25.0,0.0,0.0,67.87786241195127,0.0,40.0,0.0,0.0,40.0,4.297932027798037,0.0,0.0,-21.81601900666205,0.0,2375.024092095235,971.9206910904547,121.46054395043714,0.0,1229.1390000000001,38.98828620610304,0.0,2200.2780409300235
2,0,10,0.125,167.82548859183103,92.30780882235874,17.152922271116818,164.59264321330699,90.52967085501562,211.716663623765,68.16667133584673,0.29350327765270817,-0.029893365405155303,0.0,20.49936599317947,0.0,0.0,25.0,25.0,0.0,0.0,55.51982966867935,0.0,40.0,0.0,0.0,40.0,4.239365993179471,0.0,0.26126801364105745,-32.50076511292885,1892.2515570779726,0.0,686.1168908446728,1083.7057776920744,-17.80977081643948,1229.1390000000001,410.90458871379144,0.0,2039.8404077173677
2,0,11,0.125,171.20607321098623,94.16720670852686,18.14913450383623,177.1031876119097,97.41075280686677,226.39295014803335,63.813178077050296,0.024820007642062908,-0.009607296793788068,0.0,0.0,0.0,20.487055383331764,25.0,25.0,0.0,0.0,55.404364673707065,0.0,4.4194887771821,0.0,0.0,4.4194887771821,4.427055383331767,0.0,0.08588923333646648,-20.682636361891902,0.0,1995.6594876863196,80.20989625527264,10.32936524669649,-5.48086494180126,1229.1390000000001,3.8392110828284847,0.0,858.7014030472616
2,0,12,0.125,66.67030146070768,36.667662034923985,9.642990019410254,65.78409721156315,36.18026304032523,85.00394511305795,26.58443405208214,0.07018557282532592,-0.011774490397312083,0.0,0.0,19.173680279239335,0.0,25.0,25.0,0.0,0.0,52.93670486200997,0.0,33.40112115272681,0.0,4.0200000000000005,37.42112115272681,44.17368027924015,8.171241461241152e-13,0.0,16.5472574553701,0.0,-1261.3232473929118,360.8514977908866,96.30478446647776,6.945877606768863e-11,1229.1390000000004,82.04968873892845,42.321900413671536,-2157.6775542882174
2,0,13,0.125,77.8778787222503,42.831660790782955,9.306514789222351,85.36340572662375,46.94858794329368,98.00669559238848,31.761114565758145,0.0327812547013015,0.011691850467093538,58.87771265085778,0.0,0.0,0.0,25.0,25.0,0.0,0.0,51.5564415061657,0.0,40.0,0.0,8.040000000000001,48.04,85.86228734914224,1.9845746982844545,0.0,59.28747587329171,-4585.2713652670045,0.0,447.08497047424174,67.45179094306192,194.50160833512075,1229.1390000000001,45.893756581822096,39.53419316976961,-5579.803161936414
2,0,14,0.125,120.9435192941746,66.51483860910992,14.125797674862522,126.27572144814864,69.44736916364137,159.37044089273462,45.38133345488831,0.11567810612856554,-0.003522382223047924,0.0,0.0,0.0,1.1446339502054013,21.66666666666667,22.052260353761888,0.0,0.0,46.68578440601557,3.3333333333333304,40.0,0.0,1.6079999999999945,44.941333333333326,20.377967283538617,0.0,0.1440654329226536,-6.4874277100206275,0.0,79.49181649715159,634.8321819052214,345.7925756358675,-6.537881450785789,1076.3281767390165,161.94934857999175,27.901559198209913,-199.52462902819187
2,0,15,0.125,108.48809043597471,59.664774668971866,15.756827912733037,109.85222782261036,60.415004021005394,135.6989843573967,44.699704790439135,0.07709120685615574,-0.0025512099174071624,0.0,17.277735934805335,0.0,0.16819013810903982,21.666666666666664,21.923637356187182,0.0,0.0,43.43983885417744,3.3333333333333335,40.0,0.0,0.0,43.333333333333336,4.199259406247716,0.0,0.021481187504573285,-20.808026224185696,1030.8722213401584,10.161207870151094,682.7958762184317,199.31727772803737,-0.9602027400024957,1069.6603605447438,107.92768959861803,0.0,746.5187357534193
2,0,16,0.125,220.9713755561071,121.53924687599341,24.67527707969542,204.9840274019476,112.7458443399827,279.39184870756674,89.40666730047852,0.0643263155233465,0.006697710465179434,0.0,20.973209158139284,0.0,0.0,25.0,25.0,0.0,0.0,40.731362411089165,0.0,40.0,0.0,0.0,40.0,4.026790841860718,0.0,0.0,-23.546261779073145,2549.0680456529362,0.0,987.0110831878168,312.7268777206023,0.0,1229.1390000000001,90.0568417326851,0.0,2529.6101648286703
2,0,17,0.125,193.45469541254968,106.40445137246269,27.014428497261118,175.95452698038503,96.77896351868287,237.96565882985888,81.92241627696663,0.05465785420675945,-0.017011654250753325,0.0,21.176036180017167,0.0,0.0,25.0,25.0,0.0,0.0,38.42997907606772,0.0,40.0,0.0,0.0,40.0,3.6960361800171673,0.0,0.12792763996566592,-23.49027798825321,2253.2245119781473,0.0,1080.5771398904446,232.63355960265162,-10.480141374597196,1229.1390000000001,76.52099588946322,0.0,2271.255356956377
2,0,18,0.125,90.08513310576886,49.54546691288371,8.72400366845329,99.8268684493524,54.90327468315029,116.10869887651346,35.23289754213243,0.1443441195642736,0.004159327005877231,9.89204967022236,0.0,2.2030153988087164,0.0,25.0,25.0,0.0,0.0,32.352331936519356,0.0,40.0,0.0,0.0,40.0,37.40493493096893,0.3098698619378517,0.0,6.631170148397984,-891.1266112308582,-219.92012840877535,348.96014673813164,286.0638719976419,35.97858649064882,1229.1390000000001,202.08176738998304,0.0,-1943.222074784492
2,0,19,0.125,82.18743213366902,45.20185028369361,9.301630225861928,87.30203612645583,48.01480547575176,96.9972864491694,37.056653382982546,0.027568304539229604,-2.352032104169885e-05,31.529025381432987,0.0,0.7096283153906313,0.0,25.0,25.0,0.0,0.0,31.19156121907811,0.0,40.0,0.0,5.400000000000006,45.400000000000006,57.238653696823626,7.105427357601002e-15,0.0,30.987052670742603,-2591.2896337772518,-61.95199682658889,422.2940122541316,56.57468219583175,6.892071727489892e-13,1229.1390000000001,38.59562635492145,22.330326676776004,-3464.437889185576
2,0,20,0.125,158.72864931537254,87.29538013668947,18.33975857463718,150.24147941462286,82.6277241970326,206.83579633539497,60.838078921578884,0.03247517575062924,0.01180547077567681,0.0,21.964583587672962,0.0,0.0,25.0,25.0,0.0,0.0,29.824185397998985,0.0,40.0,0.0,0.0,40.0,3.03541641232703,0.0,7.105427357601002e-15,-23.26359061769814,1917.4066738300019,0.0,733.5903429854873,113.39731248627919,-4.3228055035327546e-13,1229.1390000000001,45.46524605088094,0.0,1489.7900832508876
2,0,21,0.125,124.7360057794718,68.60057770425897,16.5128965481796,145.82293809471824,80.19767615066905,150.3545053238996,54.511270790174095,0.023777548542363858,-0.005440817686676822,0.0,0.0,0.0,18.861486785320835,21.666666666666657,21.74592516180787,0.0,0.0,28.823025459373138,3.333333333333343,40.0,0.0,0.0,43.33333333333334,2.774820118654172,0.0,0.030359762691649195,-19.922206984848252,0.0,1512.6474089292842,715.5588504211162,70.68332121054628,-1.654949245209914,1060.4477603881198,33.288567959309404,0.0,1206.8082014587276
2,0,22,0.125,81.91553929722922,45.052313317190354,9.8665192971033,84.73614881283447,46.603606084505316,96.02997856355385,37.289584223561334,0.16896029803429255,0.02280434642665433,122.48813999382506,0.0,0.0,0.0,25.0,25.0,0.0,0.0,21.708907647402924,0.0,40.0,0.0,0.0,40.0,154.37186000617493,6.883720012349869,0.0,122.61344808480322,-10033.68204510869,0.0,394.66077188413203,304.48209140827237,661.0434852234646,1229.1390000000001,236.54441724800958,0.0,-11461.26608428776
2,0,23,0.125,65.03217073435478,35.766714798644685,11.406322469032725,65.33089417989731,35.93100819620067,82.37471012208003,26.22857923957206,0.04593252772515097,0.028207455338299978,0.0,0.0,49.77943631171783,0.0,25.0,25.0,0.0,0.0,20.000000000000895,0.0,35.34450084581298,0.0,7.442,42.78650084581298,79.12056368828219,4.3411273765643585,0.0,52.15527155191969,0.0,-3252.1350860157754,488.03662596888427,70.29204333729666,357.5991092475148,1229.1390000000001,56.821179276117434,51.27448069958603,-4388.640185932813
2,1,0,0.125,120.391791971169,66.2114072714068,15.050078346007174,112.90768981668879,62.095404612938424,168.2069958590478,39.91466488930272,0.02533295248733271,-0.01583412637486572,0.0,0.0,0.0,0.0,20.0,20.0,17.460414684062833,0.0,33.61447266276987,0.0,0.0,17.460414684062833,0.0,17.460414684062833,2.460414684062836,0.0,0.07917063187433104,-0.5214944874748212,0.0,0.0,262.78060894891973,29.286884949022983,-3.160069240338272,1057.3390000000002,595.633178996182,0.0,-1357.7446158579012
2,1,1,0.125,115.1371527017145,63.321533675892105,16.213529293097167,126.32616357504236,69.47511062468878,151.85757816179202,43.1265435897011,0.04154461518268509,0.008230484930499925,0.0,0.0,0.0,22.44917687312592,25.0,25.0,0.0,0.0,33.03416369558627,0.0,13.269915159887791,0.0,0.0,13.269915159887791,2.550823126874165,8.526512829121202e-14,0.0,-23.000470391950252,0.0,1559.6590466936284,215.15215816175487,34.9087511175414,1.2948155883957953e-11,1229.1390000000001,19.295273158854606,0.0,561.285682814057
2,1,2,0.125,70.57616024974477,38.81582556343235,8.033484094605626,69.93254367594173,38.46184613794266,85.02628582077827,30.868474056207813,0.4291233248819329,-0.028317238829607856,8.539180640991088,0.0,0.7417871731003451,0.0,25.0,25.0,0.0,0.0,33.03416369558627,0.0,0.0,0.0,0.0,0.0,34.28096781409143,0.0,0.0,9.280967814091433,-602.6625813201053,-51.87506388109323,0.0,0.0,0.0,1229.1390000000001,0.0,0.0,-1883.6766452011987
2,1,3,0.125,77.41344793760997,42.576230851564176,5.812121496841891,73.68692276948678,40.52669811456418,100.22538722704198,30.030007692230374,0.05330596672825526,-0.03671652737761515,0.0,0.0,40.589971650858175,0.0,25.0,25.0,0.0,0.0,33.03416369558627,0.0,0.0,0.0,0.0,0.0,65.58997165085819,1.4210854715202004e-14,0.0,40.58997165085819,0.0,-2990.950106252444,0.0,0.0,1.4242884166583562e-12,1229.1390000000001,0.0,0.0,-4220.089106252446
2,1,4,0.125,96.6846281868433,53.1787289857852,13.430597855513971,97.84229971030491,53.815474468032434,116.84859779215297,42.088090328664215,0.11466824267434636,-0.037086951918621935,0.0,0.0,0.0,0.0,25.0,25.0,9.535616447813053,0.0,39.78791094912686,0.0,0.0,9.535616447813055,0.6863692958973364,10.221985743710391,15.464383552186941,0.0,5.329070518200751e-15,-1.1721371418734974,0.0,0.0,137.28737980857116,62.33276340186329,-2.2429040133785465e-13,1229.1390000000001,295.4764423424008,11.805714147926404,-1336.8010132798927
2,1,5,0.125,104.7944477873556,57.63931291465776,13.96460581616136,98.90580870118164,54.400428430832854,128.92552675444588,44.36667451710843,0.08428231831522846,-0.031893141345756444,0.0,0.0,0.0,0.0,25.000000000000032,25.000000000000032,21.656666222039878,0.0,55.65302469782067,0.0,0.0,21.65666622203988,0.0,21.65666622203988,3.136666222039749,0.0,0.2066675559204052,-2.031941592093027,0.0,0.0,302.42680708296336,105.20754132595407,-9.169152186766922,1229.1390000000001,694.098726505354,0.0,-1506.4342259096697
2,1,6,0.125,119.33257466635946,65.62887363510656,13.47141475205057,119.58599377808471,65.76824556189719,148.62938146238517,49.51662233654703,0.05751926924734378,-0.04207195435422111,0.0,0.0,0.0,18.32879814873614,21.976049988975916,22.149985383850517,0.0,0.0,53.414250618853146,3.0239500110240822,36.976049988975916,0.0,0.0,40.0,3.3527481597602264,0.0,0.29450368047955067,-20.924072599109444,0.0,1205.452897500525,538.8565900820229,150.99699412070382,-14.582827523029028,1081.394242298811,74.43923812567022,0.0,754.0558288017996
2,1,7,0.125,98.48493513845878,54.1633781156124,10.496453091031572,93.06738390049276,51.18390845611449,110.23012481496806,47.70392166581131,0.033376854262201654,0.006724343536501787,0.0,0.0,0.0,0.0,25.00000000000071,25.00000000000071,21.214716468303454,0.0,69.81955939367472,0.0,0.0,21.21471646830347,0.0,21.21471646830347,3.785283531697247,0.0,9.769962616701378e-15,-0.7080804997765041,0.0,0.0,222.67927624908236,38.35203184568607,-4.660655313450274e-13,1229.1390000000001,717.7322588984437,0.0,-1685.839950803675
2,1,8,0.125,194.46106565672468,106.95797773418089,23.694658510355264,172.7680872616867,95.02634971224886,243.68707038132547,79.88256343726012,0.044460023732686975,-0.010699705676095671,0.0,20.957201177295616,0.0,0.0,25.0,25.0,0.0,0.0,67.94755839440369,0.0,40.0,0.0,0.0,40.0,3.9572011772956173,0.0,0.08559764540876813,-22.821199772011862,2241.539856891934,0.0,947.7863404142106,190.21416913847548,-6.837759339446017,1229.1390000000001,62.24403322576177,0.0,2094.9950925583043
2,1,9,0.125,198.2387720572386,109.03580156851956,24.29801727726137,208.58053042505094,114.72400222452835,233.02755848873014,89.90118337658244,0.043748822694237244,-0.020886467410460154,0.0,0.0,0.0,20.702067972201963,25.0,25.0,0.0,0.0,66.10550270201475,0.0,40.0,0.0,0.0,40.0,4.122067972201963,0.0,0.17586405559607599,-22.62788493556753,0.0,2375.024092095235,971.9206910904547,190.80751800580788,-15.810386711492317,1229.1390000000001,61.24835177193214,0.0,2263.1753361310575
2,1,10,0.125,167.82548859183103,92.30780882235874,17.152922271116818,164.59264321330699,90.52967085501562,200.36355688573082,74.41113643532329,0.00992052352609015,0.029893365405155303,0.0,20.49936599317947,0.0,0.0,25.0,25.0,0.0,0.0,65.68779644828463,0.0,40.0,0.0,0.0,40.0,4.500634006820529,0.0,0.0,-20.896186934223078,1892.2515570779726,0.0,686.1168908446728,36.62967156256167,0.0,1229.1390000000001,13.88873293652621,0.0,1371.9703865486808
2,1,11,0.125,171.20607321098623,94.16720670852686,18.14913450383623,177.1031876119097,97.41075280686677,197.4978561110625,79.70613235145012,0.46133864764902605,0.009607296793788068,0.0,0.0,0.0,20.487055383331764,25.0,25.0,0.0,0.0,63.54160594747911,0.0,4.4194887771821,0.0,0.0,4.4194887771821,4.512944616668233,0.0,3.552713678800501e-15,-22.525936359097006,0.0,1995.6594876863196,80.20989625527264,191.9957262989681,-2.8317306668928e-13,1229.1390000000001,71.36083415178332,0.0,967.3652760887776
2,1,12,0.125,66.67030146070768,36.667662034923985,9.642990019410254,65.78409721156315,36.18026304032523,76.78002585280375,31.10746582831047,0.12174097611046024,0.011774490397312083,0.0,0.0,19.173680279239335,0.0,25.0,25.0,0.0,0.0,59.261305850303636,0.0,33.40112115272681,0.0,4.0200000000000005,37.42112115272681,45.226319720759854,1.052639441520519,0.0,15.6706359044791,0.0,-1261.3232473929118,360.8514977908866,167.0462745133554,80.82168353362634,1229.1390000000001,142.31997823108458,73.40980859460754,-2259.1159454479885
2,1,13,0.125,77.8778787222503,42.831660790782955,9.306514789222351,85.36340572662375,46.94858794329368,91.90325473214253,35.11791514728156,0.06375552456249015,-0.011691850467093538,58.87771265085778,0.0,0.0,0.0,25.0,25.0,0.0,0.0,56.57686271083037,0.0,40.0,0.0,8.040000000000001,48.04,83.87771265085777,0.0,7.105427357601002e-15,55.814897250875745,-4585.2713652670045,0.0,447.08497047424174,131.18547027681637,-2.49527795029405e-13,1229.1390000000001,89.2577343874862,76.88916262236312,-5402.286821525796
2,1,14,0.125,120.9435192941746,66.51483860910992,14.125797674862522,126.27572144814864,69.44736916364137,157.97278190354436,46.149998552771244,0.04937021583068184,0.003522382223047924,0.0,0.0,0.0,1.1446339502054013,21.66666666666667,21.831234052768945,0.0,0.0,54.498116781117446,3.3333333333333304,40.0,0.0,1.6079999999999945,44.941333333333326,20.522032716461275,5.329070518200751e-15,0.0,-3.3633972765906783,0.0,79.49181649715159,634.8321819052214,147.58068456632893,8.418480947203354e-13,1064.8701732955424,69.11830216295458,11.90809605836042,-283.99188854815617
2,1,15,0.125,108.48809043597471,59.664774668971866,15.756827912733037,109.85222782261036,60.415004021005394,151.22908178540055,36.15867729234828,0.030886250872244753,0.0025512099174071624,0.0,17.277735934805335,0.0,0.16819013810903982,21.666666666666664,21.769620836240815,0.0,0.0,53.19764306018082,3.3333333333333335,40.0,0.0,0.0,43.333333333333336,4.220740593752284,0.0,7.105427357601002e-15,-18.78433027737832,1030.8722213401584,10.161207870151094,682.7958762184317,79.85558527534549,-2.569228548477176e-13,1061.6761441507238,43.24075122114265,0.0,698.7679953322205
2,1,16,0.125,220.9713755561071,121.53924687599341,24.67527707969542,204.9840274019476,112.7458443399827,273.38556148819504,92.71026091447575,0.12417899180135912,-0.006697710465179434,0.0,20.973209158139284,0.0,0.0,25.0,25.0,0.0,0.0,47.96905393170255,0.0,40.0,0.0,0.0,40.0,3.9732091581392823,0.0,0.05358168372143268,-25.99395051391508,2549.0680456529362,0.0,987.0110831878168,603.7048456542939,-4.967571878050943,1229.139,173.85058852190275,0.0,2741.761957851195
2,1,17,0.125,193.45469541254968,106.40445137246269,27.014428497261118,175.95452698038503,96.77896351868287,257.6086844290621,71.11830858797397,0.05002594877473551,0.017011654250753325,0.0,21.176036180017167,0.0,0.0,25.0,25.0,0.0,0.0,45.86269819381894,0.0,40.0,0.0,0.0,40.0,3.823963819982832,0.0,0.0,-23.177074131006588,2253.2245119781473,0.0,1080.5771398904446,212.91934535050618,0.0,1229.1390000000001,70.03632828462972,0.0,2247.5456689344683
2,1,18,0.125,90.08513310576886,49.54546691288371,8.72400366845329,99.8268684493524,54.90327468315029,109.97611765678661,38.60572488264164,0.08523777310923672,-0.004159327005877231,9.89204967022236,0.0,2.2030153988087164,0.0,25.0,25.0,0.0,0.0,42.27373932606161,0.0,40.0,0.0,0.0,40.0,37.09506506903107,0.0,3.552713678800501e-15,8.685554144661603,-891.1266112308582,-219.92012840877535,348.96014673813164,168.92581069246307,-1.371550868705698e-13,1229.139,119.33288235293142,0.0,-1941.6326645619702
2,1,19,0.125,82.18743213366902,45.20185028369361,9.301630225861928,87.30203612645583,48.01480547575176,93.25607549247671,39.11426308259086,0.019144787783917882,2.352032104169885e-05,31.529025381432987,0.0,0.7096283153906313,0.0,25.0,25.0,0.0,0.0,41.4676429983177,0.0,40.0,0.0,5.400000000000006,45.400000000000006,57.24134630317648,0.0026926063528591726,0.0,31.372172937786605,-2591.2896337772518,-61.95199682658889,422.2940122541316,39.288244332927114,0.25110190131375737,1229.1390000000001,26.802702897485034,15.507278104973501,-3463.3594569205543
2,1,20,0.125,158.72864931537254,87.29538013668947,18.33975857463718,150.24147941462286,82.6277241970326,198.40981899965934,65.47208102339691,0.07863429001857718,-0.01180547077567681,0.0,21.964583587672962,0.0,0.0,25.0,25.0,0.0,0.0,38.15672552385129,0.0,40.0,0.0,0.0,40.0,2.9645835876729696,0.0,0.07083282465406882,-25.180788013070117,1917.4066738300019,0.0,733.5903429854873,274.57640955801526,-4.63757243486726,1229.1390000000001,110.08800602600805,0.0,1590.9839927823634
2,1,21,0.125,124.7360057794718,68.60057770425897,16.5128965481796,145.82293809471824,80.19767615066905,158.81222195356534,49.859813151873844,0.28780050893279374,0.005440817686676822,0.0,0.0,0.0,18.861486785320835,21.666666666666657,22.62600169644264,0.0,0.0,26.038809358259975,3.333333333333343,40.0,0.0,0.0,43.33333333333334,2.8051798813458286,7.105427357601002e-15,0.0,-31.33284217240856,0.0,1512.6474089292842,715.5588504211162,855.5421843093405,1.1284287065902656e-12,1106.0709279435864,402.92071250591124,0.0,1574.7568032102424
2,1,22,0.125,81.91553929722922,45.052313317190354,9.8665192971033,84.73614881283447,46.603606084505316,99.13102620513318,35.58405470915464,0.04607744385362058,-0.02280434642665433,122.48813999382506,0.0,0.0,0.0,25.0,25.0,0.0,0.0,24.098706459160162,0.0,40.0,0.0,0.0,40.0,147.4881399938251,2.842170943040401e-14,0.0,120.64504223968027,-10033.68204510869,0.0,394.66077188413203,83.03581749394246,2.8174732223400605e-12,1229.1390000000001,64.50842139506881,0.0,-10849.632877125689
2,1,23,0.125,65.03217073435478,35.766714798644685,11.406322469032725,65.33089417989731,35.93100819620067,82.04988795791257,26.407226539437126,0.11016625056293453,-0.028207455338299978,0.0,0.0,49.77943631171783,0.0,25.0,25.0,0.0,0.0,20.000000000000494,0.0,35.34450084581298,0.0,7.442,42.78650084581298,74.77943631171782,0.0,1.4210854715202004e-14,45.06580793882677,0.0,-3252.1350860157754,488.03662596888427,168.59100167999352,-3.7526925978336757e-13,1229.1390000000001,136.28198976705895,122.9785855034038,-4083.9070336373597
3,0,0,0.125,103.06180641454644,56.68050227439571,15.200781309103903,92.9040901554794,51.09410242798807,132.30951944723014,40.595250882606415,0.05975743058665235,-0.005340750741580102,0.0,0.0,0.0,0.0,20.0,20.0,17.48664812314605,0.0,33.15335276938715,0.0,0.0,17.48664812314605,0.0,17.48664812314605,2.4866481231460495,0.0,0.026703753707900013,-1.0716609151200147,0.0,0.0,265.8107139491953,59.22869676406545,-1.0840455812795324,1057.3390000000002,575.4591836606878,0.0,-1306.6747273661476
3,0,1,0.125,108.51421467507556,59.67914211550988,11.87042104313455,102.36336277493085,56.296381932622026,128.53086700904643,48.670661402704425,0.14063657306595123,0.011962521325298582,0.0,0.0,0.0,11.200789295908088,25.0,25.0,11.23894552513891,0.0,40.88002376267392,0.0,0.0,11.23894552513891,0.0,11.23894552513891,2.560265178953005,1.7763568394002505e-15,0.0,-12.78139607943853,0.0,630.5639121492662,133.4110154642518,94.32925686305232,2.2831668468556364e-13,1229.1390000000001,338.04185595629633,0.0,-708.8766714797263
3,0,2,0.125,86.5732905905638,47.61400640278976,15.58706209735973,88.58552051103786,48.720702563508176,99.85843905995146,40.30737476191756,0.13645109091988963,0.03741163666778615,8.539180640991088,0.0,0.42093681736941946,0.0,25.0,25.0,0.0,0.0,37.74431289016997,0.0,21.83145117269658,0.0,3.265,25.09645117269658,36.599882541639495,2.639765083278988,0.0,8.175444400907303,-739.2649670378383,-37.2889070689297,391.179942852178,163.05121955878005,263.6028207012025,1229.1390000000001,104.26238651075633,66.82692177801596,-1886.1538406857849
3,0,3,0.125,64.34642152948608,35.38956306040539,6.389755996902869,66.06026256086888,36.33214982457904,78.73753235641333,27.474668773930645,0.061028668646302624,0.06543519432462343,38.63451761843639,0.0,0.0,0.0,25.0,25.0,0.0,0.0,37.74431289016997,0.0,0.0,0.0,0.0,0.0,72.54548238156362,8.910964763127225,0.0,47.545482381563616,-2485.9929562642646,0.0,0.0,0.0,701.627376363589,1229.1390000000001,0.0,0.0,-4416.759332627854
3,0,4,0.125,79.71315294785175,43.844034328024605,13.295031071423551,81.06491349824542,44.58753315830549,97.59564398321393,34.00826040828102,0.0371275132075044,0.0014952837042087874,0.0,0.0,0.0,0.0,21.666666666666657,21.790425044025007,5.582652410377049,0.0,42.044618817592266,3.3333333333333335,0.0,5.582652410377051,1.3060000000000012,10.221985743710386,16.084014256289603,0.0,3.552713678800501e-15,-0.37951691070653265,0.0,0.0,135.90161807427816,16.63955246108291,-1.2082161194470948e-13,1062.7546342822563,188.1383843247254,7.2732798373501195,-1105.6251279089709
3,0,5,0.125,77.80168687776431,42.79268482176942,7.866017324413704,68.65409364825052,37.761301960323884,94.52944977309114,33.59203745691656,0.07307088254660052,0.022092333701465742,0.0,0.0,0.0,0.0,21.634912049899143,21.878481658387813,18.323332888706403,0.0,55.63216344425905,3.3333333333333335,0.0,18.323332888706396,0.0,21.65666622203973,3.3115791611927494,1.021405182655144e-14,0.0,-1.5824717138615856,0.0,0.0,170.35171169160958,67.71821329064456,9.655286991177443e-13,1067.3194891708242,594.4550774166717,0.0,-1423.7046416052426
3,0,6,0.125,132.7359608686157,73.00028200209945,18.48940321414323,136.92096941136663,75.3018949320304,175.3951012799042,49.539199868723145,0.06006587389578671,0.024417044425200592,0.0,0.0,0.0,21.4145403445118,25.0,25.0,0.0,0.0,53.10307401706803,0.0,40.0,0.0,0.0,40.0,3.5854596554882017,0.0,0.0,-23.817175300343266,0.0,1612.5554670401534,739.5761285657293,175.39302932379894,0.0,1229.1390000000001,84.09222345410139,0.0,1214.29340147558
3,0,7,0.125,113.35273720732918,62.34016560165953,11.409459270065435,115.76924654717368,63.669163878501514,158.81519130522835,37.337355903848106,0.035435140248732226,0.0123975679306481,0.0,0.0,0.0,21.19338514458076,25.0,25.0,0.0,0.0,51.61106811185825,0.0,40.0,0.0,0.0,40.0,3.8066148554192365,0.0,3.552713678800501e-15,-22.61079075453005,0.0,1349.3651119105118,456.3783708026174,88.36130044895992,-1.326489350498438e-13,1229.1390000000001,49.60919634822512,0.0,615.3565868138639
3,0,8,0.125,183.29273202525152,100.81514201614726,21.002274169266077,177.62549585004783,97.69803413342174,221.9523671947366,79.55146960077217,0.08369755056952409,-0.016721417681060852,0.0,20.933114329275757,0.0,0.0,25.0,25.0,0.0,0.0,48.08696071945724,0.0,40.0,0.0,0.0,40.0,3.9331143292757567,0.0,0.13377134144848668,-24.414787693505207,2110.3748939461825,0.0,840.090966770643,337.5192178828095,-10.641706802693802,1229.1390000000001,117.17657079733372,0.0,1952.3112146049957
3,0,9,0.125,178.68638454220905,98.28154687275297,28.58081473920151,179.84472921730162,98.9186626035994,231.35416422673157,69.31307862034679,0.08209564123922995,0.020139676114718934,0.0,0.0,0.0,20.705211963557034,25.0,25.0,0.0,0.0,44.630302140963344,0.0,40.0,0.0,0.0,40.0,4.294788036442967,0.0,0.0,-23.989037613126232,0.0,2048.131876359108,1143.2325895680603,322.7394645000836,0.0,1229.1390000000001,114.93389773492194,0.0,2170.03103269233
3,0,10,0.125,134.98610512419083,74.24540628499702,12.367580363086157,136.6953307689947,75.18551899003762,177.76978937832146,50.71341373736035,0.028525697590258314,-0.01819790617383833,0.0,0.0,0.0,20.550475150020333,25.0,25.0,0.0,0.0,44.38405927514387,0.0,8.200701202426947,0.0,0.0,8.200701202426947,4.290475150020327,0.0,0.15904969995933982,-20.94345557250817,0.0,1545.09813964615,101.42283115467254,17.3682815366713,-8.065953238841026,1229.1390000000001,8.187575288497458,0.0,434.6286302878374
3,0,11,0.125,178.6514753823957,98.26234604648255,15.74986628884365,194.68097913185977,107.07893511193417,231.5348710434817,69.17528413759028,0.05313502505405451,0.002687947473330976,0.0,0.0,0.0,20.51798487479421,25.0,25.0,0.0,0.0,44.1368701731421,0.0,4.4194887771821,0.0,0.0,4.4194887771821,4.482015125205789,0.0,0.0,-20.752814521695893,0.0,2197.043971035736,69.60635730566321,23.074912025826546,0.0,1229.1390000000001,8.219037641558927,0.0,1052.3672027256664
3,0,12,0.125,59.64173879834131,32.80205839059633,7.108228732586885,59.50601273504215,32.727411099233514,79.15915429516626,22.067773715814404,0.6012063624859987,0.03285760039286314,18.231265262439024,0.0,0.0,0.0,25.0,25.0,0.0,0.0,44.1368701731421,0.0,0.0,0.0,0.0,0.0,46.16873473756098,2.937469475121958,0.0,21.168734737560982,-1087.3443607456616,0.0,0.0,0.0,232.5275994185201,1229.1390000000001,0.0,0.0,-2549.0109601641816
3,0,13,0.125,51.97791456840282,28.58707044841546,6.458122408819257,53.683484680437644,29.525108331472254,63.03146139666891,22.50778611182166,0.11166398461299737,-0.018677502677517627,70.93185976755389,0.0,0.0,0.0,21.666666666666664,22.03887994870999,9.313686086461477,0.0,50.755816402432146,3.3333333333333335,0.0,9.313686086461479,0.0,12.647019419794812,83.28484034775909,1.4210854715202004e-14,0.0,69.51964318566165,-3686.890147175845,0.0,81.6759995197492,40.37113491497414,8.957309403949254e-13,1075.6345365411257,289.5788975314394,0.0,-4930.056446813687
3,0,14,0.125,115.16680992336957,63.33784414315396,13.986484289842842,104.57362579136539,57.511951718252604,149.53148485286906,44.43843704693362,0.06281852935320012,-0.018466929778108876,0.0,0.0,0.0,0.8390179527043955,21.666666666666664,21.876061764510666,0.0,0.0,48.11082569282372,3.3333333333333335,40.0,0.0,1.6079999999999945,44.94133333333333,20.072351286037623,0.0,0.7552974279246456,-4.417463847800992,0.0,48.25355998668234,628.5712526312572,178.81213760672102,-33.56423720254025,1067.194041872233,87.94594109448016,15.151829279991818,-281.0906248195042
3,0,15,0.125,107.29658537518735,59.00948724817638,15.338465438451813,101.50923156817171,55.826638702888474,154.36711210073406,33.12229207916381,0.43306703602779273,-0.04250136148725651,0.0,17.277735934805335,0.0,0.0,21.666666666666664,23.110223453425974,0.0,0.0,31.395957635610657,3.3333333333333335,36.66666666666668,0.0,0.0,40.000000000000014,4.03106926813865,0.0,0.3578614637226778,-34.958278839639725,1019.5503383222542,0.0,613.5386175380727,1022.2025496035034,-11.853191925299619,1131.1729838256024,555.7693629023343,0.0,980.2023506611931
3,0,16,0.125,155.66978799442072,85.62189897479938,14.698657043176787,155.4724443550797,85.51335551644006,203.0186282753871,59.578967514931804,0.040354546937782274,-0.01964351829949229,0.0,20.92142592680203,0.0,0.0,25.0,25.0,0.0,0.0,29.696818817177718,0.0,40.0,0.0,0.0,40.0,3.921425926802031,0.0,0.1571481463959401,-22.692755950709262,1791.3322171133918,0.0,587.9462817270714,138.20931764322376,-9.362724309155462,1229.1390000000001,56.496365712895184,0.0,1241.2151750799471
3,0,17,0.125,156.76366856764636,86.22355799379014,20.553972384650976,148.12683405868984,81.47310396340087,187.87203853347248,69.113251974872,0.008008819238576475,0.02455889215649634,0.0,0.0,0.0,21.147658565491575,25.0,25.0,0.0,0.0,29.359605375553446,0.0,40.0,0.0,0.0,40.0,3.852341434508426,0.0,0.0,-21.468011335034635,0.0,1722.9653848888001,822.158895386039,27.621955603167233,0.0,1229.1390000000001,11.212346934007066,0.0,1332.3948889439996
3,0,18,0.125,71.32420583582152,39.227239373420055,8.475759865830826,73.05593106320745,40.179662176136226,91.77977445740405,27.976984604579197,0.012635034041643116,0.06330067999403055,9.89204967022236,0.0,0.0,0.0,25.0,25.0,0.0,0.0,28.827603942221103,0.0,40.0,0.0,0.0,40.0,39.60795032977764,4.7159006595552775,0.0,14.102548968111913,-705.54258681711,0.0,339.030394633233,19.82550019371382,432.82429889750637,1229.1390000000001,17.689047658300364,0.0,-2026.33903854597
3,0,19,0.125,58.677500332194946,32.271741751506795,8.088571168823185,53.768416743032766,29.571819687187396,79.15805904026513,21.007742811341124,0.017225964743145295,-0.004694338632786042,31.529025381432987,0.0,3.775604008559732,0.0,21.666666666666664,21.724086549143816,0.0,0.0,28.102300163562354,3.3333333333333335,40.0,0.0,2.06666666666667,45.400000000000006,56.971296056659384,0.0,0.0,34.52257059065392,-1850.044397292817,-203.00824978890472,367.22113106457266,25.238399606755117,0.0,1059.3156467076155,24.11635064040341,5.34004907037505,-2749.365162828788
3,0,20,0.125,86.05770161451228,47.328820654187226,11.472686277407599,85.81982025570461,47.19799396515462,109.03299746156466,34.6931862342382,0.07152669080931177,-0.01661537931697707,0.0,6.9501538620490635,0.0,0.0,10.0,10.238422302697707,0.0,0.0,25.341620869167865,3.3333333333333335,36.666666666666664,0.0,0.0,40.0,2.950153862049069,0.0,0.09969227590186769,-9.910913770323402,328.94258565592685,0.0,458.90745109630393,135.41095685205676,-3.4586426939785526,495.64202367359593,91.79258653861676,0.0,339.2850260860534
3,0,21,0.125,133.0750474007236,73.18676810808766,20.210347573940783,126.6012833772662,69.62641719613539,159.93398575862219,58.41526186687888,0.12686349564273688,0.006915854649755634,0.0,18.857371432193844,0.0,0.0,21.666666666666664,22.089544985475786,0.0,0.0,19.999999999999996,3.3333333333333335,40.0,0.0,0.0,43.333333333333336,2.809295234472818,0.0,3.552713678800501e-15,-24.354789576712445,1380.1100701360479,0.0,875.7817282041007,402.33826693607625,-2.0753269988517388e-13,1078.2610120470647,177.60889389983166,0.0,1402.3601593293283
3,0,22,0.125,52.173253860579734,28.69450411814179,4.772606475030382,57.66448340327352,31.71459769228518,71.98351017400931,17.799161403152596,0.01023562665322529,0.0420544564400907,122.91605422283045,0.0,0.0,0.0,21.666666666666664,21.700785422177415,0.0,0.0,19.999999999999996,3.3333333333333335,0.0,0.0,0.0,3.3333333333333335,157.2772791105029,12.694558221005778,0.0,135.57649368832548,-6412.930500508517,0.0,15.908688250101273,0.9790207705091164,913.7988608563229,1058.1077162856773,0.0,0.0,-8367.949368629907
3,0,23,0.125,58.29837878235979,32.0632306070401,7.071893481509088,56.52256171686008,31.086557957195105,67.87523914256532,26.796101595322117,0.1419992266447957,0.03534172932673356,0.0,0.0,52.563787261641195,0.0,21.666666666666664,22.139997422149317,0.0,0.0,19.999999999999996,3.3333333333333335,0.0,0.0,0.0,3.3333333333333335,79.66954607169215,5.439092143384293,0.0,57.52954864954284,0.0,-2971.039909568018,23.57297827169696,15.176513166444792,369.1796799506571,1080.8764663642207,0.0,0.0,-4382.346564444754
3,1,0,0.125,103.06180641454644,56.68050227439571,15.200781309103903,92.9040901554794,51.09410242798807,131.70918735864367,40.92541319487611,0.02175483174838958,0.005340750741580102,0.0,0.0,0.0,0.0,20.0,20.0,17.48664812314605,0.0,33.684983228306976,0.0,0.0,17.48664812314605,0.0,17.48664812314605,2.5133518768539505,8.881784197001252e-16,0.0,-0.3804190877623339,0.0,0.0,265.8107139491953,21.562344969136557,1.1698125788818785e-13,1057.3390000000002,598.7180162384301,0.0,-1368.6839573200987
3,1,1,0.125,108.51421467507556,59.67914211550988,11.87042104313455,102.36336277493085,56.296381932622026,134.32349530978684,45.484912064543174,0.07131983740925939,-0.011962521325298582,0.0,0.0,0.0,11.200789295908088,25.0,25.0,11.23894552513891,0.0,42.03489183441456,0.0,0.0,11.23894552513891,0.0,11.23894552513891,2.499734821046994,0.0,0.0605303579060088,-12.062879421318527,0.0,630.5639121492662,133.4110154642518,47.83639927897197,-2.753218006590136,1229.1390000000001,365.30850151720676,0.0,-779.8829566181267
3,1,2,0.125,86.5732905905638,47.61400640278976,15.58706209735973,88.58552051103786,48.720702563508176,101.03634269346793,39.65954549765445,0.08419725471763563,-0.03741163666778615,8.539180640991088,0.0,0.42093681736941946,0.0,25.0,25.0,0.0,0.0,40.0999989341586,0.0,21.83145117269658,0.0,3.265,25.09645117269658,33.96011745836051,0.0,0.0,6.847065166464268,-739.2649670378383,-37.2889070689297,391.179942852178,100.61088535577711,0.0,1229.1390000000001,64.33518893351057,41.23560549796205,-1619.4728403302856
3,1,3,0.125,64.34642152948608,35.38956306040539,6.389755996902869,66.06026256086888,36.33214982457904,86.51823607048156,23.195398875181585,0.08209609912496638,-0.06543519432462343,38.63451761843639,0.0,0.0,0.0,25.0,25.0,0.0,0.0,40.0999989341586,0.0,0.0,0.0,0.0,0.0,63.6345176184364,7.105427357601002e-15,0.0,38.6345176184364,-2485.9929562642646,0.0,0.0,0.0,6.147490415065815e-13,1229.139,0.0,0.0,-3715.1319562642648
3,1,4,0.125,79.71315294785175,43.844034328024605,13.295031071423551,81.06491349824542,44.58753315830549,100.86033203037418,32.212608254067206,0.0584437234484363,-0.0014952837042087874,0.0,0.0,0.0,0.0,21.666666666666657,21.861479078161445,5.582652410377049,0.0,44.30510406759558,3.3333333333333335,0.0,5.582652410377051,1.3060000000000012,10.221985743710386,16.035985743710416,0.0,0.048028512579190163,-0.6454394204784584,0.0,0.0,135.90161807427816,26.19290435387186,-1.5471236607389918,1066.4380754118893,183.97334958786792,11.449125423548681,-1098.2189043344167
3,1,5,0.125,77.80168687776431,42.79268482176942,7.866017324413704,68.65409364825052,37.761301960323884,90.90453078672621,35.58582476298968,0.06660789045492745,-0.022092333701465742,0.0,0.0,0.0,0.0,21.634912049899143,21.856938351415568,18.323332888706403,0.0,57.9873875387046,3.3333333333333335,0.0,18.323332888706396,0.0,21.65666622203973,3.168420838807251,0.0,0.1431583223854882,-1.585663173722038,0.0,0.0,170.35171169160958,61.72865545711832,-5.094406973773566,1066.2026841373831,598.5999018610197,0.0,-1427.6278118759014
3,1,6,0.125,132.7359608686157,73.00028200209945,18.48940321414323,136.92096941136663,75.3018949320304,170.7359564789748,52.10157167912589,0.023340044062615445,-0.024417044425200592,0.0,0.0,0.0,21.4145403445118,25.0,25.0,0.0,0.0,57.004648841331324,0.0,40.0,0.0,0.0,40.0,3.4145403445117983,0.0,0.17091931097640156,-22.51906141799282,0.0,1612.5554670401534,739.5761285657293,68.15319194049418,-8.905164732183794,1229.1390000000001,32.67606168766162,0.0,1167.374890590899
3,1,7,0.125,113.35273720732918,62.34016560165953,11.409459270065435,115.76924654717368,63.669163878501514,137.15379524721823,49.25038994862433,0.07257352217615241,-0.0123975679306481,0.0,0.0,0.0,21.19338514458076,25.0,25.0,0.0,0.0,53.94892159180912,0.0,40.0,0.0,0.0,40.0,3.713385144580763,0.0,0.09322971083847875,-24.189555742465334,0.0,1349.3651119105118,456.3783708026174,180.96981563028206,-4.5915996135925665,1229.1390000000001,101.60293104661338,0.0,660.5629669103903
3,1,8,0.125,183.29273202525152,100.81514201614726,21.002274169266077,177.62549585004783,97.69803413342174,208.04590276686983,87.20033909356111,0.1271984577825151,0.016721417681060852,0.0,20.933114329275757,0.0,0.0,25.0,25.0,0.0,0.0,48.593197053597954,0.0,40.0,0.0,0.0,40.0,4.066885670724243,0.0,0.0,-26.02105264057636,2110.3748939461825,0.0,840.090966770643,512.9412234231668,0.0,1229.1390000000001,178.07784089552115,0.0,2056.1902432444713
3,1,9,0.125,178.68638454220905,98.28154687275297,28.58081473920151,179.84472921730162,98.9186626035994,213.41855391734518,79.17806934042595,0.12187607371954075,-0.020139676114718934,0.0,0.0,0.0,20.705211963557034,25.0,25.0,0.0,0.0,43.461572896985714,0.0,40.0,0.0,0.0,40.0,4.1252119635570335,0.0,0.16957607288593124,-25.749830985224595,0.0,2048.131876359108,1143.2325895680603,479.1267620773656,-13.426706057439388,1229.1390000000001,170.62650320735705,0.0,2284.1524308546163
3,1,10,0.125,134.98610512419083,74.24540628499702,12.367580363086157,136.6953307689947,75.18551899003762,169.9020263674981,55.04086107540468,0.4698008870333951,0.01819790617383833,0.0,0.0,0.0,20.550475150020333,25.0,25.0,0.0,0.0,39.406102687305705,0.0,8.200701202426947,0.0,0.0,8.200701202426947,4.4495248499796745,7.105427357601002e-15,0.0,-24.403171849216335,0.0,1545.09813964615,101.42283115467254,286.04503172467463,1.2072265062634678e-12,1229.1390000000001,134.84438447186034,0.0,568.5826180536355
3,1,11,0.125,178.6514753823957,98.26234604648255,15.74986628884365,194.68097913185977,107.07893511193417,230.3202355966414,69.84336106414392,0.1381876671528492,-0.002687947473330976,0.0,0.0,0.0,20.51798487479421,25.0,25.0,0.0,0.0,38.76324074611939,0.0,4.4194887771821,0.0,0.0,4.4194887771821,4.45798487479421,0.0,0.024030250411581022,-21.152733969332782,0.0,2197.043971035736,69.60635730566321,60.01066639871438,-1.6783534559578464,1229.1390000000001,21.375159544444738,0.0,1077.8251886516261
3,1,12,0.125,59.64173879834131,32.80205839059633,7.108228732586885,59.50601273504215,32.727411099233514,74.62196015498509,24.563162182252498,0.1038729501778176,-0.03285760039286314,18.231265262439024,0.0,0.0,0.0,25.0,25.0,0.0,0.0,38.76324074611939,0.0,0.0,0.0,0.0,0.0,43.231265262439024,0.0,0.0,18.231265262439024,-1087.3443607456616,0.0,0.0,0.0,0.0,1229.139,0.0,0.0,-2316.4833607456612
3,1,13,0.125,51.97791456840282,28.58707044841546,6.458122408819257,53.683484680437644,29.525108331472254,64.57007019527087,21.661574437432474,0.21982397403143705,0.018677502677517627,70.93185976755389,0.0,0.0,0.0,21.666666666666664,22.399413246771456,9.313686086461477,0.0,44.576292424562766,3.3333333333333335,0.0,9.313686086461479,0.0,12.647019419794812,86.45515965224092,3.1703193044818505,0.0,71.32206100352369,-3686.890147175845,0.0,81.6759995197492,79.47543107946684,204.7077400318154,1094.3245827126323,254.3210109318974,0.0,-5079.092050252973
3,1,14,0.125,115.16680992336957,63.33784414315396,13.986484289842842,104.57362579136539,57.511951718252604,146.85944238685158,45.90796988689954,0.07045236062179329,0.018466929778108876,0.0,0.0,0.0,0.8390179527043955,21.666666666666664,21.90150786873931,0.0,0.0,41.60987724048726,3.3333333333333335,40.0,0.0,1.6079999999999945,44.94133333333333,20.82764871396227,0.0,0.0,-4.005240975528615,0.0,48.25355998668234,628.5712526312572,200.54174034210618,0.0,1068.5131679154458,98.6333048705106,16.993109381976485,-306.77302920788713
3,1,15,0.125,107.29658537518735,59.00948724817638,15.338465438451813,101.50923156817171,55.826638702888474,131.3676296138483,45.77122833169059,0.02069981698317156,0.04250136148725651,0.0,17.277735934805335,0.0,0.0,21.666666666666664,21.73566605661057,0.0,0.0,40.81093693587362,3.3333333333333335,36.66666666666668,0.0,0.0,40.000000000000014,4.3889307318613495,2.1316282072803006e-14,0.0,-18.105728614132175,1019.5503383222542,0.0,613.5386175380727,48.85942345232189,2.8002694480842996e-12,1059.915928374692,26.56476512840351,0.0,595.4676858095505
3,1,16,0.125,155.66978799442072,85.62189897479938,14.698657043176787,155.4724443550797,85.51335551644006,208.62937112617868,56.49293223645327,0.009680743912515154,0.01964351829949229,0.0,20.92142592680203,0.0,0.0,25.0,25.0,0.0,0.0,40.40332666587298,0.0,40.0,0.0,0.0,40.0,4.078574073197969,0.0,0.0,-21.308655683302636,1791.3322171133918,0.0,587.9462817270714,33.15534709113106,0.0,1229.1390000000001,13.553041477521216,0.0,1169.7418044540732
3,1,17,0.125,156.76366856764636,86.22355799379014,20.553972384650976,148.12683405868984,81.47310396340087,195.93861844745769,64.67645085009535,0.1613028038455217,-0.02455889215649634,0.0,0.0,0.0,21.147658565491575,25.0,25.0,0.0,0.0,33.61162966185101,0.0,40.0,0.0,0.0,40.0,3.6676585654915734,0.0,0.18468286901685005,-27.784453588329296,0.0,1722.9653848888001,822.158895386039,556.3240664774119,-11.9446325008229,1229.139,225.8239253837304,0.0,1658.4300538693442
3,1,18,0.125,71.32420583582152,39.227239373420055,8.475759865830826,73.05593106320745,40.179662176136226,89.9420012720811,28.987732187533837,0.09151031643650341,-0.06330067999403055,9.89204967022236,0.0,0.0,0.0,25.0,25.0,0.0,0.0,29.758563706629815,0.0,40.0,0.0,0.0,40.0,34.89204967022236,3.552713678800501e-15,0.0,6.231637012762226,-705.54258681711,0.0,339.030394633233,143.5878835196854,3.195381782180146e-13,1229.1390000000001,128.11444301110478,0.0,-1580.1777516752968
3,1,19,0.125,58.677500332194946,32.271741751506795,8.088571168823185,53.768416743032766,29.571819687187396,75.17158300045543,23.200244614024783,0.11441866236150325,0.004694338632786042,31.529025381432987,0.0,3.775604008559732,0.0,21.666666666666664,22.048062207871673,0.0,0.0,24.940935817724416,3.3333333333333335,40.0,0.0,2.06666666666667,45.400000000000006,57.50870394334072,0.5374078866813363,0.0,30.647430005461807,-1850.044397292817,-203.00824978890472,367.22113106457266,167.6390243570611,40.397801558765416,1076.1105448560677,160.18612730610454,35.46978533206607,-2830.356750713092
3,1,20,0.125,86.05770161451228,47.328820654187226,11.472686277407599,85.81982025570461,47.19799396515462,101.03556006162901,39.09150588830172,0.044510571273737,0.01661537931697707,0.0,6.9501538620490635,0.0,0.0,10.0,10.148368570912456,0.0,0.0,23.222983944001232,3.3333333333333335,36.666666666666664,0.0,0.0,40.0,3.049846137950931,0.0,5.329070518200751e-15,-8.730576712998548,328.94258565592685,0.0,458.90745109630393,84.26531380120466,-2.0832139154141975e-13,491.282522517872,57.121899801295804,0.0,323.71092823426795
3,1,21,0.125,133.0750474007236,73.18676810808766,20.210347573940783,126.6012833772662,69.62641719613539,158.78429642134986,59.04755205626289,0.07654586867002952,-0.006915854649755634,0.0,18.857371432193844,0.0,0.0,21.666666666666664,21.92181956223343,0.0,0.0,19.99999999999999,3.3333333333333335,40.0,0.0,0.0,43.333333333333336,2.770704765527182,0.0,0.03859046894563889,-22.212949543507428,1380.1100701360479,0.0,875.7817282041007,242.7596053993753,-2.2786727239432087,1069.566126106181,107.16421613804134,0.0,1324.1997342192444
3,1,22,0.125,52.173253860579734,28.69450411814179,4.772606475030382,57.66448340327352,31.71459769228518,71.89751402498008,17.846457990385918,0.26189192460424826,-0.0420544564400907,122.91605422283045,0.0,0.0,0.0,21.666666666666664,22.539639748680827,0.0,0.0,19.99999999999999,3.3333333333333335,0.0,0.0,0.0,3.3333333333333335,144.58272088949712,1.4210854715202004e-14,0.0,122.04308114081631,-6412.930500508517,0.0,15.908688250101273,25.04952969688227,1.0217251261931904e-12,1101.593924571614,0.0,0.0,-7473.566207133148
3,1,23,0.125,58.29837878235979,32.0632306070401,7.071893481509088,56.52256171686008,31.086557957195105,73.70615807527444,23.58918397093392,0.0759362366094844,-0.03534172932673356,0.0,0.0,52.563787261641195,0.0,21.666666666666664,21.919787455364947,0.0,0.0,19.99999999999999,3.3333333333333335,0.0,0.0,0.0,3.3333333333333335,74.23045392830785,0.0,7.105427357601002e-15,52.310666472942906,0.0,-2971.039909568018,23.57297827169696,8.115870219468862,-1.676112331305569e-13,1069.460781686119,0.0,0.0,-4008.811842762971
