hour,price_da_buy_eur_mwh,price_da_sell_eur_mwh,p_da_buy_mw,p_da_sell_mw,mt_on,mt_startup,mt_shutdown,exp_p_id_buy_mw,exp_p_id_sell_mw,exp_p_mt_mw,exp_bess_ch_mw,exp_bess_dis_mw,exp_soc_mwh,exp_price_id_buy_eur_mwh
0,118.08,64.94,0.0,0.0,1,1,0,0.0,0.0,20.0,17.5,0.0,34.0,116.61568819337255
1,118.08,64.94,0.0,0.0,1,0,0,0.0,7.489999999999999,24.999999999999996,14.979999999999999,0.0,45.983999999999995,116.7209605159069
2,66.42,36.53,189.27999999999997,0.0,1,0,0,86.66666666666666,0.0,24.999999999999996,26.666666666666664,0.0,67.31733333333332,65.61914102544073
3,66.42,36.53,141.55999999999997,0.0,1,0,0,73.33333333333333,0.0,24.999999999999996,13.333333333333332,0.0,77.984,65.94113227724009
4,88.56,48.71,0.0,0.0,1,0,0,10.649999999999999,0.0,24.999999999999996,0.0,0.0,77.984,87.56614812066
5,88.56,48.71,0.0,0.0,1,0,0,43.53999999999999,0.0,24.999999999999996,0.0,0.0,77.984,88.0397007524054
6,118.08,64.94,0.0,0.0,1,0,0,0.0,0.2256140350877196,24.999999999999996,8.214385964912271,0.0,84.55550877192981,116.62423523006062
7,118.08,64.94,0.0,0.0,1,0,0,0.0,7.08,24.999999999999996,14.16,0.0,95.88350877192981,118.31517356159729
8,177.12,97.42,0.0,21.0,1,0,0,0.0,16.10319999999998,24.999999999999996,0.0,16.10319999999998,78.93277192982457,175.17380510303775
9,177.12,97.42,0.0,20.79,1,0,0,0.0,13.333333333333332,24.999999999999996,0.0,13.333333333333332,64.89768421052632,175.34362111458296
10,177.12,97.42,0.0,20.63,1,0,0,0.0,13.333333333333332,24.999999999999996,0.0,13.333333333333332,50.86259649122808,175.30551242759645
11,177.12,97.42,0.0,20.53,1,0,0,0.0,13.333333333333332,24.999999999999996,0.0,13.333333333333332,36.827508771929836,175.13945206666028
12,66.42,36.53,247.9,0.0,1,0,0,73.3333333333333,0.0,24.999999999999996,13.333333333333332,0.0,47.4941754385965,65.60714733102452
13,66.42,36.53,217.29000000000002,0.0,1,0,0,73.33333333333333,0.0,24.999999999999996,13.333333333333332,0.0,58.160842105263164,65.97490015337064
14,118.08,64.94,0.0,0.0,1,0,0,0.0,0.09666666666665127,24.999999999999996,0.19333333333330255,0.0,58.31550877192981,116.613649286848
15,118.08,64.94,0.0,0.0,1,0,0,0.0,6.93,24.999999999999996,13.86,0.0,69.40350877192981,117.10245665699678
16,177.12,97.42,0.0,21.0,1,0,0,0.0,13.333333333333332,24.999999999999996,0.0,13.333333333333332,55.36842105263156,177.11642524448064
17,177.12,97.42,0.0,51.64,1,0,0,0.0,3.2,24.999999999999996,0.0,33.599999999999994,19.999999999999982,175.13541903863285
18,66.42,36.53,130.35,0.0,1,0,0,1.6666666666666665,0.0,23.33333333333333,0.0,0.0,19.999999999999982,67.28759559379915
19,66.42,36.53,96.95999999999988,0.0,1,0,0,100.0,0.0,24.999999999999996,0.0,0.0,19.999999999999982,66.35021642192984
20,118.08,64.94,0.0,0.0,1,0,0,0.0,5.013333333333117,23.33333333333333,0.0,0.0,19.999999999999982,119.43073215358952
21,118.08,64.94,0.0,22.21,1,0,0,0.0,0.0,24.999999999999996,0.0,0.0,19.999999999999982,116.64242700945594
22,66.42,36.53,195.02999999999997,0.0,1,0,0,99.99999999999999,0.0,24.999999999999996,0.0,0.0,19.999999999999982,66.32341213081182
23,66.42,36.53,126.84999999999995,0.0,1,0,0,99.99999999999999,0.0,24.999999999999996,0.0,0.0,19.999999999999982,65.6464172175538
