scenario,prob,hour,price_buy_eur_mwh,price_sell_eur_mwh,base_load_mw,batch_load_mw,total_load_mw,production_units,demand_units,inventory_units,p_mt_mw,mt_on,mt_startup,mt_shutdown,p_bess_ch_mw,p_bess_dis_mw,soc_mwh,p_net_grid_mw,p_buy_mw,p_sell_mw,grid_buy_cost_eur,grid_sell_revenue_eur,grid_cost_eur,mt_fuel_cost_eur,mt_startstop_cost_eur,bess_degradation_cost_eur,cost_eur,price_id_buy_eur_mwh,price_id_sell_eur_mwh,p_da_buy_mw,p_da_sell_mw,p_id_buy_mw,p_id_sell_mw,da_cost_eur,id_cost_eur,soc_model_mwh
0,0.3333333333333333,0,118.08,64.94,2.5,0.0,2.5,0.0,8.0,42.0,20.0,1,1,0,17.5,0.0,34.0,0.0,0.0,0.0,0.0,0.0,0.0,969.9390000000001,87.4,87.5,1144.8390000000002,117.55242898436306,64.64985381304655,0.0,0.0,0.0,0.0,0.0,0.0,34.0
0,0.3333333333333333,1,118.08,64.94,2.53,0.0,2.53,0.0,8.0,34.0,25.0,1,0,0,0.0,0.0,34.0,-22.47,0.0,22.47,0.0,1518.9798509535453,-1518.9798509535453,1229.1390000000001,0.0,0.0,-289.8408509535452,122.91729684036481,67.60034939713152,0.0,0.0,0.0,22.47,0.0,-1518.9798509535453,34.0
0,0.3333333333333333,2,66.42,36.53,2.63,271.65,274.28,25.384615384615387,8.0,51.38461538461539,25.0,1,0,0,40.0,0.0,66.0,289.28,289.28,0.0,18916.742191003817,0.0,18916.742191003817,1229.1390000000001,0.0,200.0,20345.881191003817,63.44764591003819,34.895250001410645,189.27999999999997,0.0,100.0,0.0,12571.977599999998,6344.764591003819,66.0
0,0.3333333333333333,3,66.42,36.53,2.79,223.76999999999998,226.55999999999997,22.615384615384613,8.0,66.0,25.0,1,0,0,40.0,0.0,98.0,241.55999999999997,241.55999999999997,0.0,15186.799366462648,0.0,15186.799366462648,1229.1390000000001,0.0,200.0,16615.938366462648,57.84384166462652,31.813242035664057,141.55999999999997,0.0,100.0,0.0,9402.415199999998,5784.384166462652,98.0
0,0.3333333333333333,4,88.56,48.71,3.0,32.65,35.65,3.2352941176470584,8.0,61.23529411764706,25.0,1,0,0,0.0,0.0,98.0,10.649999999999999,10.649999999999999,0.0,876.8861067922928,0.0,876.8861067922928,1229.1390000000001,0.0,0.0,2106.0251067922927,82.33672364246883,45.28705745962801,0.0,0.0,10.649999999999999,0.0,0.0,876.8861067922928,98.0
0,0.3333333333333333,5,88.56,48.71,3.24,65.3,68.53999999999999,6.470588235294117,8.0,59.705882352941174,25.0,1,0,0,0.0,0.0,98.0,43.53999999999999,43.53999999999999,0.0,3307.5099863478868,0.0,3307.5099863478868,1229.1390000000001,0.0,0.0,4536.648986347887,75.96485958539016,41.78238832886579,0.0,0.0,43.53999999999999,0.0,0.0,3307.5099863478868,98.0
0,0.3333333333333333,6,118.08,64.94,3.5,13.060000000000011,16.56000000000001,1.2941176470588245,8.0,53.0,25.0,1,0,0,7.763157894736832,0.0,104.21052631578947,-0.6768421052631588,0.0,0.6768421052631588,0.0,44.14614472493168,-44.14614472493168,1229.1390000000001,0.0,38.81578947368416,1223.8086447487526,118.59584539728094,65.22369749406694,0.0,0.0,0.0,0.6768421052631588,0.0,-44.14614472493168,104.21052631578947
0,0.3333333333333333,7,118.08,64.94,3.76,0.0,3.76,0.0,8.0,45.0,25.0,1,0,0,0.0,0.0,104.21052631578947,-21.240000000000002,0.0,21.240000000000002,0.0,1678.6074069464437,-1678.6074069464437,1229.1390000000001,0.0,0.0,-449.46840694644357,143.70063356486392,79.03048055303407,0.0,0.0,0.0,21.240000000000002,0.0,-1678.6074069464437,104.21052631578947
0,0.3333333333333333,8,177.12,97.42,4.0,0.0,4.0,0.0,8.0,37.0,25.0,1,0,0,0.0,0.0,104.21052631578947,-21.0,0.0,21.0,0.0,2045.82,-2045.82,1229.1390000000001,0.0,0.0,-816.6809999999998,163.74888175400017,90.06558299726004,0.0,21.0,0.0,0.0,-2045.82,0.0,104.21052631578947
0,0.3333333333333333,9,177.12,97.42,4.21,0.0,4.21,0.0,8.0,29.0,25.0,1,0,0,0.0,0.0,104.21052631578947,-20.79,0.0,20.79,0.0,2025.3618,-2025.3618,1229.1390000000001,0.0,0.0,-796.2227999999998,160.6284265965173,88.34926218966076,0.0,20.79,0.0,0.0,-2025.3618,0.0,104.21052631578947
0,0.3333333333333333,10,177.12,97.42,4.37,0.0,4.37,0.0,8.0,21.0,25.0,1,0,0,0.0,40.0,62.105263157894726,-60.629999999999995,0.0,60.629999999999995,0.0,6184.170133264398,-6184.170133264398,1229.1390000000001,0.0,200.0,-4755.031133264398,189.73746069898127,104.35988833160997,0.0,20.63,0.0,40.0,-2009.7746,-4174.395533264398,62.10526315789473
0,0.3333333333333333,11,177.12,97.42,4.47,0.0,4.47,0.0,8.0,13.0,25.0,1,0,0,0.0,40.0,19.999999999999986,-60.53,0.0,60.53,0.0,6092.001750430228,-6092.001750430228,1229.1390000000001,0.0,200.0,-4662.862750430228,185.9909607688878,102.2992287607557,0.0,20.53,0.0,40.0,-2000.0326000000002,-4091.9691504302277,20.0
0,0.3333333333333333,12,66.42,36.53,4.5,328.4,332.9,28.18860877684407,8.0,33.18860877684407,25.0,1,0,0,0.0,0.0,19.999999999999986,307.9,307.9,0.0,20495.400385807097,0.0,20495.400385807097,1229.1390000000001,0.0,0.0,21724.539385807097,67.16470643011831,36.93957732448393,247.9,0.0,59.99999999999997,0.0,16465.518,4029.882385807097,20.0
0,0.3333333333333333,13,66.42,36.53,4.47,297.82000000000005,302.2900000000001,25.19600660777131,8.0,50.38461538461538,25.0,1,0,0,40.0,0.0,51.999999999999986,317.2900000000001,317.2900000000001,0.0,20182.29034175936,0.0,20182.29034175936,1229.1390000000001,0.0,200.0,21611.429341759358,57.498885417593584,31.62352129335582,217.29000000000002,0.0,100.0,0.0,14432.401800000001,5749.888541759358,52.0
0,0.3333333333333333,14,118.08,64.94,4.37,20.340000000000046,24.710000000000047,1.6153846153846183,8.0,44.0,25.0,1,0,0,0.0,0.0,51.999999999999986,-0.28999999999995296,0.0,0.28999999999995296,0.0,18.662929779356336,-18.662929779356336,1229.1390000000001,0.0,0.0,1210.4760702206438,117.01617133835727,64.35493027365278,0.0,0.0,0.0,0.28999999999995385,0.0,-18.662929779356336,52.0
0,0.3333333333333333,15,118.08,64.94,4.21,0.0,4.21,0.0,8.0,36.0,25.0,1,0,0,0.0,0.0,51.999999999999986,-20.79,0.0,20.79,0.0,1491.5466818314183,-1491.5466818314183,1229.1390000000001,0.0,0.0,-262.40768183141813,130.4507021841554,71.74346713955836,0.0,0.0,0.0,20.79,0.0,-1491.5466818314183,52.0
0,0.3333333333333333,16,177.12,97.42,4.0,0.0,4.0,0.0,8.0,28.0,25.0,1,0,0,0.0,0.0,51.999999999999986,-21.0,0.0,21.0,0.0,2045.82,-2045.82,1229.1390000000001,0.0,0.0,-816.6809999999998,144.10365127991267,79.2602625772871,0.0,21.0,0.0,0.0,-2045.82,0.0,52.0
0,0.3333333333333333,17,177.12,97.42,3.76,0.0,3.76,0.0,8.0,20.0,25.0,1,0,0,0.0,30.400000000000002,19.99999999999998,-51.64,0.0,51.64,0.0,5030.7688,-5030.7688,1229.1390000000001,0.0,152.0,-3649.6297999999997,164.60071945048372,90.534112967853,0.0,51.64,0.0,0.0,-5030.7688,0.0,20.0
0,0.3333333333333333,18,66.42,36.53,3.5,151.85,155.35,13.363095238095237,8.0,25.363095238095237,20.0,1,0,0,0.0,0.0,19.99999999999998,135.35,135.35,0.0,8906.383638113108,0.0,8906.383638113108,969.9390000000001,0.0,0.0,9876.322638113108,49.707327622621506,27.338281813525498,130.35,0.0,5.0,0.0,8657.847,248.53663811310753,20.0
0,0.3333333333333333,19,66.42,36.53,3.24,218.71999999999989,221.9599999999999,20.488095238095227,8.0,37.85119047619047,25.0,1,0,0,0.0,0.0,19.99999999999998,196.9599999999999,196.9599999999999,0.0,11888.472459726603,0.0,11888.472459726603,1229.1390000000001,0.0,0.0,13117.611459726602,54.483892597266106,29.96532063502154,96.95999999999988,0.0,100.0,0.0,6440.083199999992,5448.38925972661,20.0
0,0.3333333333333333,20,118.08,64.94,3.0,15.320000000000217,18.320000000000217,1.1488095238095393,8.0,31.000000000000004,20.0,1,0,0,0.0,0.0,19.99999999999998,-1.679999999999783,0.0,1.679999999999783,0.0,82.37935494605725,-82.37935494605725,969.9390000000001,0.0,0.0,887.5596450539429,89.16063758516736,49.035330325040384,0.0,0.0,0.0,1.6799999999997839,0.0,-82.37935494605725,20.0
0,0.3333333333333333,21,118.08,64.94,2.79,0.0,2.79,0.0,8.0,23.000000000000004,25.0,1,0,0,0.0,0.0,19.99999999999998,-22.21,0.0,22.21,0.0,1442.3174,-1442.3174,1229.1390000000001,0.0,0.0,-213.17839999999978,113.45839950183935,62.3982762842941,0.0,22.21,0.0,0.0,-1442.3174,0.0,20.0
0,0.3333333333333333,22,66.42,36.53,2.63,317.4,320.03,24.333591331269353,8.0,39.33359133126936,25.0,1,0,0,0.0,0.0,19.99999999999998,295.03,295.03,0.0,18420.36607210639,0.0,18420.36607210639,1229.1390000000001,0.0,0.0,19649.50507210639,54.664734721063894,30.064781080404458,195.02999999999997,0.0,100.0,0.0,12953.8926,5466.47347210639,20.0
0,0.3333333333333333,23,66.42,36.53,2.53,249.31999999999994,251.84999999999994,19.66640866873065,8.0,51.00000000000001,25.0,1,0,0,0.0,0.0,19.99999999999998,226.84999999999994,226.84999999999994,0.0,15311.032475821856,0.0,15311.032475821856,1229.1390000000001,0.0,0.0,16540.171475821855,68.85655475821859,37.870068432967855,126.84999999999995,0.0,99.99999999999999,0.0,8425.376999999997,6885.655475821858,20.0
1,0.3333333333333333,0,118.08,64.94,2.5,0.0,2.5,0.0,8.0,42.0,20.0,1,1,0,17.5,0.0,34.0,0.0,0.0,0.0,0.0,0.0,0.0,969.9390000000001,87.4,87.5,1144.8390000000002,115.68144891343708,63.620878154120966,0.0,0.0,0.0,0.0,0.0,0.0,34.0
1,0.3333333333333333,1,118.08,64.94,2.53,0.0,2.53,0.0,8.0,34.0,25.0,1,0,0,22.47,0.0,51.976,0.0,0.0,0.0,0.0,0.0,0.0,1229.1390000000001,0.0,112.35,1341.489,110.6323980250384,60.84407120381092,0.0,0.0,0.0,0.0,0.0,0.0,51.976
1,0.3333333333333333,2,66.42,36.53,2.63,271.65,274.28,25.384615384615387,8.0,51.38461538461539,25.0,1,0,0,40.0,0.0,83.976,289.28,289.28,0.0,19353.463565748036,0.0,19353.463565748036,1229.1390000000001,0.0,200.0,20782.602565748035,67.81485965748038,37.29715181101714,189.27999999999997,0.0,100.0,0.0,12571.977599999998,6781.485965748038,83.976
1,0.3333333333333333,3,66.42,36.53,2.79,223.76999999999998,226.55999999999997,22.615384615384613,8.0,66.0,25.0,1,0,0,0.0,0.0,83.976,201.55999999999997,201.55999999999997,0.0,13865.493459497407,0.0,13865.493459497407,1229.1390000000001,0.0,0.0,15094.632459497407,74.38463765829015,40.9104307988157,141.55999999999997,0.0,60.0,0.0,9402.415199999998,4463.078259497409,83.976
1,0.3333333333333333,4,88.56,48.71,3.0,32.65,35.65,3.2352941176470584,8.0,61.23529411764706,25.0,1,0,0,0.0,0.0,83.976,10.649999999999999,10.649999999999999,0.0,989.4044970377828,0.0,989.4044970377828,1229.1390000000001,0.0,0.0,2218.543497037783,92.90183070777304,51.09810494326587,0.0,0.0,10.649999999999999,0.0,0.0,989.4044970377828,83.976
1,0.3333333333333333,5,88.56,48.71,3.24,65.3,68.53999999999999,6.470588235294117,8.0,59.705882352941174,25.0,1,0,0,0.0,0.0,83.976,43.53999999999999,43.53999999999999,0.0,4384.232114820225,0.0,4384.232114820225,1229.1390000000001,0.0,0.0,5613.371114820226,100.69435266008787,55.384167999919605,0.0,0.0,43.53999999999999,0.0,0.0,4384.232114820225,83.976
1,0.3333333333333333,6,118.08,64.94,3.5,13.060000000000011,16.56000000000001,1.2941176470588245,8.0,53.0,25.0,1,0,0,8.43999999999999,0.0,90.728,0.0,0.0,0.0,0.0,0.0,0.0,1229.1390000000001,0.0,42.19999999999995,1271.3390000000002,114.66367361058342,63.06113621503461,0.0,0.0,0.0,0.0,0.0,0.0,90.728
1,0.3333333333333333,7,118.08,64.94,3.76,0.0,3.76,0.0,8.0,45.0,25.0,1,0,0,21.240000000000002,0.0,107.72,0.0,0.0,0.0,0.0,0.0,0.0,1229.1390000000001,0.0,106.20000000000002,1335.3390000000002,94.63170043761048,52.044229559776625,0.0,0.0,0.0,0.0,0.0,0.0,107.72
1,0.3333333333333333,8,177.12,97.42,4.0,0.0,4.0,0.0,8.0,37.0,25.0,1,0,0,0.0,19.354799999999972,87.3465263157895,-40.35479999999997,0.0,40.35479999999997,0.0,4034.9753941189715,-4034.9753941189715,1229.1390000000001,0.0,96.77399999999986,-2709.0623941189715,186.8527535316368,102.7732342426155,0.0,21.0,0.0,19.354799999999972,-2045.82,-1989.1553941189716,87.3465263157895
1,0.3333333333333333,9,177.12,97.42,4.21,0.0,4.21,0.0,8.0,29.0,25.0,1,0,0,0.0,40.0,45.241263157894764,-60.79,0.0,60.79,0.0,6216.152318976568,-6216.152318976568,1229.1390000000001,0.0,200.0,-4787.0133189765675,190.48265672375533,104.7697629744142,0.0,20.79,0.0,40.0,-2025.3618,-4190.790518976568,45.24126315789478
1,0.3333333333333333,10,177.12,97.42,4.37,0.0,4.37,0.0,8.0,21.0,25.0,1,0,0,0.0,0.0,45.241263157894764,-20.63,0.0,20.63,0.0,2009.7746,-2009.7746,1229.1390000000001,0.0,0.0,-780.6355999999998,161.25929656033185,88.69625491704792,0.0,20.63,0.0,0.0,-2009.7746,0.0,45.24126315789478
1,0.3333333333333333,11,177.12,97.42,4.47,0.0,4.47,0.0,8.0,13.0,25.0,1,0,0,0.0,0.0,45.241263157894764,-20.53,0.0,20.53,0.0,2000.0326000000002,-2000.0326000000002,1229.1390000000001,0.0,0.0,-770.8936000000001,164.50761540761675,90.48290364165551,0.0,20.53,0.0,0.0,-2000.0326000000002,0.0,45.24126315789478
1,0.3333333333333333,12,66.42,36.53,4.5,328.4,332.9,28.18860877684407,8.0,33.18860877684407,25.0,1,0,0,40.0,0.0,77.24126315789476,347.9,347.9,0.0,22871.699805415166,0.0,22871.699805415166,1229.1390000000001,0.0,200.0,24300.838805415166,64.06181805415166,35.23303543387775,247.9,0.0,100.0,0.0,16465.518,6406.181805415165,77.24126315789478
1,0.3333333333333333,13,66.42,36.53,4.47,297.82000000000005,302.2900000000001,25.19600660777131,8.0,50.38461538461538,25.0,1,0,0,0.0,0.0,77.24126315789476,277.2900000000001,277.2900000000001,0.0,18922.255652022886,0.0,18922.255652022886,1229.1390000000001,0.0,0.0,20151.394652022886,74.83089753371473,41.155867011541694,217.29000000000002,0.0,60.0,0.0,14432.401800000001,4489.853852022884,77.24126315789478
1,0.3333333333333333,14,118.08,64.94,4.37,20.340000000000046,24.710000000000047,1.6153846153846183,8.0,44.0,25.0,1,0,0,0.28999999999995385,0.0,77.47326315789472,8.881784197001252e-16,8.881784197001252e-16,0.0,0.0,0.0,0.0,1229.1390000000001,0.0,1.4499999999997693,1230.589,116.21158983986922,63.912437704955174,0.0,0.0,0.0,0.0,0.0,0.0,77.47326315789473
1,0.3333333333333333,15,118.08,64.94,4.21,0.0,4.21,0.0,8.0,36.0,25.0,1,0,0,20.79,0.0,94.10526315789473,0.0,0.0,0.0,0.0,0.0,0.0,1229.1390000000001,0.0,103.94999999999999,1333.0890000000002,104.24348110451746,57.330383324249354,0.0,0.0,0.0,0.0,0.0,0.0,94.10526315789474
1,0.3333333333333333,16,177.12,97.42,4.0,0.0,4.0,0.0,8.0,28.0,25.0,1,0,0,0.0,40.0,51.999999999999986,-61.0,0.0,61.0,0.0,6717.180380391996,-6717.180380391996,1229.1390000000001,0.0,200.0,-5288.0413803919955,212.32584443005294,116.78400950979989,0.0,21.0,0.0,40.0,-2045.82,-4671.360380391996,52.0
1,0.3333333333333333,17,177.12,97.42,3.76,0.0,3.76,0.0,8.0,20.0,25.0,1,0,0,0.0,30.4,19.999999999999986,-51.64,0.0,51.64,0.0,5030.7688,-5030.7688,1229.1390000000001,0.0,152.0,-3649.6297999999997,185.8857576419385,102.24136466507254,0.0,51.64,0.0,0.0,-5030.7688,0.0,20.0
1,0.3333333333333333,18,66.42,36.53,3.5,151.85,155.35,13.363095238095237,8.0,25.363095238095237,25.0,1,0,0,0.0,0.0,19.999999999999986,130.35,130.35,0.0,8657.847,0.0,8657.847,1229.1390000000001,0.0,0.0,9886.986,86.56054164997235,47.60699467740876,130.35,0.0,0.0,0.0,8657.847,0.0,20.0
1,0.3333333333333333,19,66.42,36.53,3.24,218.71999999999989,221.9599999999999,20.488095238095227,8.0,37.85119047619047,25.0,1,0,0,0.0,0.0,19.999999999999986,196.9599999999999,196.9599999999999,0.0,14337.267115971978,0.0,14337.267115971978,1229.1390000000001,0.0,0.0,15566.406115971979,78.97183915971985,43.433322561044356,96.95999999999988,0.0,100.00000000000001,0.0,6440.083199999992,7897.183915971986,20.0
1,0.3333333333333333,20,118.08,64.94,3.0,15.320000000000217,18.320000000000217,1.1488095238095393,8.0,31.000000000000004,25.0,1,0,0,0.0,0.0,19.999999999999986,-6.679999999999783,0.0,6.679999999999783,0.0,560.3179864731248,-560.3179864731248,1229.1390000000001,0.0,0.0,668.8210135268753,152.5183721932837,83.87993809478188,0.0,0.0,0.0,6.679999999999784,0.0,-560.3179864731248,20.0
1,0.3333333333333333,21,118.08,64.94,2.79,0.0,2.79,0.0,8.0,23.000000000000004,25.0,1,0,0,0.0,0.0,19.999999999999986,-22.21,0.0,22.21,0.0,1442.3174,-1442.3174,1229.1390000000001,0.0,0.0,-213.17839999999978,119.85569484421097,65.91657201205166,0.0,22.21,0.0,0.0,-1442.3174,0.0,20.0
1,0.3333333333333333,22,66.42,36.53,2.63,317.4,320.03,24.333591331269353,8.0,39.33359133126936,25.0,1,0,0,0.0,0.0,19.999999999999986,295.03,295.03,0.0,20824.951016256793,0.0,20824.951016256793,1229.1390000000001,0.0,0.0,22054.090016256792,78.71058416256794,43.289636245989264,195.02999999999997,0.0,100.0,0.0,12953.8926,7871.058416256794,20.0
1,0.3333333333333333,23,66.42,36.53,2.53,249.31999999999994,251.84999999999994,19.66640866873065,8.0,51.00000000000001,25.0,1,0,0,0.0,0.0,19.999999999999986,226.84999999999994,226.84999999999994,0.0,14674.15493856392,0.0,14674.15493856392,1229.1390000000001,0.0,0.0,15903.293938563918,62.48777938563922,34.367337864459515,126.84999999999995,0.0,99.99999999999999,0.0,8425.376999999997,6248.777938563921,20.0
2,0.3333333333333333,0,118.08,64.94,2.5,0.0,2.5,0.0,8.0,42.0,20.0,1,1,0,17.5,0.0,34.0,0.0,0.0,0.0,0.0,0.0,0.0,969.9390000000001,87.4,87.5,1144.8390000000002,116.61318668231752,64.13330236407266,0.0,0.0,0.0,0.0,0.0,0.0,34.0
2,0.3333333333333333,1,118.08,64.94,2.53,0.0,2.53,0.0,8.0,34.0,25.0,1,0,0,22.47,0.0,51.976,0.0,0.0,0.0,0.0,0.0,0.0,1229.1390000000001,0.0,112.35,1341.489,116.61318668231752,64.13330236407266,0.0,0.0,0.0,0.0,0.0,0.0,51.976
2,0.3333333333333333,2,66.42,36.53,2.63,271.65,274.28,25.384615384615387,8.0,51.38461538461539,25.0,1,0,0,0.0,0.0,51.976,249.27999999999997,249.27999999999997,0.0,16507.672650528213,0.0,16507.672650528213,1229.1390000000001,0.0,0.0,17736.811650528212,65.5949175088036,36.07621705204149,189.27999999999997,0.0,60.0,0.0,12571.977599999998,3935.695050528216,51.976
2,0.3333333333333333,3,66.42,36.53,2.79,223.76999999999998,226.55999999999997,22.615384615384613,8.0,66.0,25.0,1,0,0,0.0,0.0,51.976,201.55999999999997,201.55999999999997,0.0,13338.110250528214,0.0,13338.110250528214,1229.1390000000001,0.0,0.0,14567.249250528213,65.5949175088036,36.07621705204149,141.55999999999997,0.0,60.0,0.0,9402.415199999998,3935.695050528216,51.976
2,0.3333333333333333,4,88.56,48.71,3.0,32.65,35.65,3.2352941176470584,8.0,61.23529411764706,25.0,1,0,0,0.0,0.0,51.976,10.649999999999999,10.649999999999999,0.0,931.4478286250111,0.0,931.4478286250111,1229.1390000000001,0.0,0.0,2160.586828625011,87.45989001173814,48.10491466205696,0.0,0.0,10.649999999999999,0.0,0.0,931.4478286250111,51.976
2,0.3333333333333333,5,88.56,48.71,3.24,65.3,68.53999999999999,6.470588235294117,8.0,59.705882352941174,25.0,1,0,0,0.0,0.0,51.976,43.53999999999999,43.53999999999999,0.0,3808.003611111078,0.0,3808.003611111078,1229.1390000000001,0.0,0.0,5037.142611111078,87.45989001173814,48.10491466205696,0.0,0.0,43.53999999999999,0.0,0.0,3808.003611111078,51.976
2,0.3333333333333333,6,118.08,64.94,3.5,13.060000000000011,16.56000000000001,1.2941176470588245,8.0,53.0,25.0,1,0,0,8.43999999999999,0.0,58.727999999999994,0.0,0.0,0.0,0.0,0.0,0.0,1229.1390000000001,0.0,42.19999999999995,1271.3390000000002,116.61318668231752,64.13330236407266,0.0,0.0,0.0,0.0,0.0,0.0,58.727999999999994
2,0.3333333333333333,7,118.08,64.94,3.76,0.0,3.76,0.0,8.0,45.0,25.0,1,0,0,21.240000000000002,0.0,75.72,0.0,0.0,0.0,0.0,0.0,0.0,1229.1390000000001,0.0,106.20000000000002,1335.3390000000002,116.61318668231752,64.13330236407266,0.0,0.0,0.0,0.0,0.0,0.0,75.72
2,0.3333333333333333,8,177.12,97.42,4.0,0.0,4.0,0.0,8.0,37.0,25.0,1,0,0,0.0,28.954799999999967,45.241263157894764,-49.95479999999996,0.0,49.95479999999996,0.0,4831.55636611385,-4831.55636611385,1229.1390000000001,0.0,144.77399999999983,-3457.6433661138503,174.91978002347628,96.20982932411393,0.0,21.0,0.0,28.954799999999967,-2045.82,-2785.7363661138506,45.24126315789477
2,0.3333333333333333,9,177.12,97.42,4.21,0.0,4.21,0.0,8.0,29.0,25.0,1,0,0,0.0,0.0,45.241263157894764,-20.79,0.0,20.79,0.0,2025.3618,-2025.3618,1229.1390000000001,0.0,0.0,-796.2227999999998,174.91978002347628,96.20982932411393,0.0,20.79,0.0,0.0,-2025.3618,0.0,45.24126315789477
2,0.3333333333333333,10,177.12,97.42,4.37,0.0,4.37,0.0,8.0,21.0,25.0,1,0,0,0.0,0.0,45.241263157894764,-20.63,0.0,20.63,0.0,2009.7746,-2009.7746,1229.1390000000001,0.0,0.0,-780.6355999999998,174.91978002347628,96.20982932411393,0.0,20.63,0.0,0.0,-2009.7746,0.0,45.24126315789477
2,0.3333333333333333,11,177.12,97.42,4.47,0.0,4.47,0.0,8.0,13.0,25.0,1,0,0,0.0,0.0,45.241263157894764,-20.53,0.0,20.53,0.0,2000.0326000000002,-2000.0326000000002,1229.1390000000001,0.0,0.0,-770.8936000000001,174.91978002347628,96.20982932411393,0.0,20.53,0.0,0.0,-2000.0326000000002,0.0,45.24126315789477
2,0.3333333333333333,12,66.42,36.53,4.5,328.4,332.9,28.18860877684407,8.0,33.18860877684407,25.0,1,0,0,0.0,0.0,45.241263157894764,307.9,307.9,0.0,20401.213050528215,0.0,20401.213050528215,1229.1390000000001,0.0,0.0,21630.352050528214,65.5949175088036,36.07621705204149,247.9,0.0,59.99999999999997,0.0,16465.518,3935.6950505282143,45.24126315789477
2,0.3333333333333333,13,66.42,36.53,4.47,297.82000000000005,302.2900000000001,25.19600660777131,8.0,50.38461538461538,25.0,1,0,0,0.0,0.0,45.241263157894764,277.2900000000001,277.2900000000001,0.0,18368.096850528218,0.0,18368.096850528218,1229.1390000000001,0.0,0.0,19597.235850528217,65.5949175088036,36.07621705204149,217.29000000000002,0.0,60.0,0.0,14432.401800000001,3935.695050528216,45.24126315789477
2,0.3333333333333333,14,118.08,64.94,4.37,20.340000000000046,24.710000000000047,1.6153846153846183,8.0,44.0,25.0,1,0,0,0.28999999999995385,0.0,45.47326315789473,8.881784197001252e-16,8.881784197001252e-16,0.0,0.0,0.0,0.0,1229.1390000000001,0.0,1.4499999999997693,1230.589,116.61318668231752,64.13330236407266,0.0,0.0,0.0,0.0,0.0,0.0,45.473263157894735
2,0.3333333333333333,15,118.08,64.94,4.21,0.0,4.21,0.0,8.0,36.0,25.0,1,0,0,20.79,0.0,62.105263157894726,0.0,0.0,0.0,0.0,0.0,0.0,1229.1390000000001,0.0,103.94999999999999,1333.0890000000002,116.61318668231752,64.13330236407266,0.0,0.0,0.0,0.0,0.0,0.0,62.10526315789473
2,0.3333333333333333,16,177.12,97.42,4.0,0.0,4.0,0.0,8.0,28.0,25.0,1,0,0,0.0,0.0,62.105263157894726,-21.0,0.0,21.0,0.0,2045.82,-2045.82,1229.1390000000001,0.0,0.0,-816.6809999999998,174.91978002347628,96.20982932411393,0.0,21.0,0.0,0.0,-2045.82,0.0,62.10526315789473
2,0.3333333333333333,17,177.12,97.42,3.76,0.0,3.76,0.0,8.0,20.0,25.0,1,0,0,0.0,40.0,19.999999999999986,-61.24,0.0,61.24,0.0,5954.383161511494,-5954.383161511494,1229.1390000000001,0.0,200.0,-4525.244161511494,174.91978002347628,96.20982932411393,0.0,51.64,0.0,9.600000000000001,-5030.7688,-923.6143615114938,20.0
2,0.3333333333333333,18,66.42,36.53,3.5,151.85,155.35,13.363095238095237,8.0,25.363095238095237,25.0,1,0,0,0.0,0.0,19.999999999999986,130.35,130.35,0.0,8657.847,0.0,8657.847,1229.1390000000001,0.0,0.0,9886.986,65.5949175088036,36.07621705204149,130.35,0.0,0.0,0.0,8657.847,0.0,20.0
2,0.3333333333333333,19,66.42,36.53,3.24,218.71999999999989,221.9599999999999,20.488095238095227,8.0,37.85119047619047,25.0,1,0,0,0.0,0.0,19.999999999999986,196.9599999999999,196.9599999999999,0.0,12999.574950880353,0.0,12999.574950880353,1229.1390000000001,0.0,0.0,14228.713950880352,65.5949175088036,36.07621705204149,96.95999999999988,0.0,100.00000000000001,0.0,6440.083199999992,6559.491750880361,20.0
2,0.3333333333333333,20,118.08,64.94,3.0,15.320000000000217,18.320000000000217,1.1488095238095393,8.0,31.000000000000004,25.0,1,0,0,0.0,0.0,19.999999999999986,-6.679999999999783,0.0,6.679999999999783,0.0,428.4104597919915,-428.4104597919915,1229.1390000000001,0.0,0.0,800.7285402080086,116.61318668231752,64.13330236407266,0.0,0.0,0.0,6.679999999999784,0.0,-428.4104597919915,20.0
2,0.3333333333333333,21,118.08,64.94,2.79,0.0,2.79,0.0,8.0,23.000000000000004,25.0,1,0,0,0.0,0.0,19.999999999999986,-22.21,0.0,22.21,0.0,1442.3174,-1442.3174,1229.1390000000001,0.0,0.0,-213.17839999999978,116.61318668231752,64.13330236407266,0.0,22.21,0.0,0.0,-1442.3174,0.0,20.0
2,0.3333333333333333,22,66.42,36.53,2.63,317.4,320.03,24.333591331269353,8.0,39.33359133126936,25.0,1,0,0,0.0,0.0,19.999999999999986,295.03,295.03,0.0,19513.38435088036,0.0,19513.38435088036,1229.1390000000001,0.0,0.0,20742.523350880358,65.5949175088036,36.07621705204149,195.02999999999997,0.0,100.0,0.0,12953.8926,6559.49175088036,20.0
2,0.3333333333333333,23,66.42,36.53,2.53,249.31999999999994,251.84999999999994,19.66640866873065,8.0,51.00000000000001,25.0,1,0,0,0.0,0.0,19.999999999999986,226.84999999999994,226.84999999999994,0.0,14984.868750880356,0.0,14984.868750880356,1229.1390000000001,0.0,0.0,16214.007750880355,65.5949175088036,36.07621705204149,126.84999999999995,0.0,99.99999999999999,0.0,8425.376999999997,6559.491750880359,20.0
