hour,price_buy_eur_mwh,price_sell_eur_mwh,base_load_mw,batch_load_mw,total_load_mw,production_units,demand_units,inventory_units,p_mt_mw,mt_on,mt_startup,mt_shutdown,p_bess_ch_mw,p_bess_dis_mw,soc_mwh,p_net_grid_mw,p_buy_mw,p_sell_mw,grid_buy_cost_eur,grid_sell_revenue_eur,grid_cost_eur,mt_fuel_cost_eur,mt_startstop_cost_eur,bess_degradation_cost_eur,cost_eur,soc_model_mwh,p_buy_model_mw,p_sell_model_mw
0,118.08,64.94,2.5,0.0,2.5,0.0,8.0,42.0,20.0,1,1,0,17.5,0.0,34.0,0.0,0.0,0.0,0.0,0.0,0.0,969.9390000000001,87.4,87.5,1144.8390000000002,34.0,3.802513859341161e-15,0.0
1,118.08,64.94,2.53,0.0,2.53,0.0,8.0,34.0,25.0,1,0,0,22.47,0.0,51.976,0.0,0.0,0.0,0.0,0.0,0.0,1229.1390000000001,0.0,112.35,1341.489,51.976,0.0,0.0
2,66.42,36.53,2.63,385.8,388.43,39.592760180995484,8.0,65.59276018099548,25.0,1,0,0,0.0,0.0,51.976,363.43,363.43,0.0,24139.0206,0.0,24139.0206,1229.1390000000001,0.0,0.0,25368.1596,51.976,363.4300000000002,0.0
3,66.42,36.53,2.79,246.29999999999998,249.08999999999997,23.407239819004523,8.0,81.0,25.0,1,0,0,0.0,0.0,51.976,224.08999999999997,224.08999999999997,0.0,14884.057799999999,0.0,14884.057799999999,1229.1390000000001,0.0,0.0,16113.196799999998,51.976,224.09000000000006,0.0
4,88.56,48.71,3.0,32.65,35.65,3.2352941176470584,8.0,76.23529411764707,25.0,1,0,0,0.0,0.0,51.976,10.649999999999999,10.649999999999999,0.0,943.1639999999999,0.0,943.1639999999999,1229.1390000000001,0.0,0.0,2172.303,51.976,10.649999999999999,0.0
5,88.56,48.71,3.24,65.3,68.53999999999999,6.470588235294117,8.0,74.70588235294119,25.0,1,0,0,0.0,0.0,51.976,43.53999999999999,43.53999999999999,0.0,3855.9023999999995,0.0,3855.9023999999995,1229.1390000000001,0.0,0.0,5085.0414,51.976,43.540000000000006,0.0
6,118.08,64.94,3.5,13.060000000000011,16.56000000000001,1.2941176470588245,8.0,68.0,25.0,1,0,0,8.439999999999989,0.0,58.727999999999994,-1.7763568394002505e-15,0.0,1.7763568394002505e-15,0.0,1.1535661315065226e-13,-1.1535661315065226e-13,1229.1390000000001,0.0,42.199999999999946,1271.339,58.727999999999994,0.0,0.0
7,118.08,64.94,3.76,0.0,3.76,0.0,8.0,60.00000000000001,25.0,1,0,0,21.240000000000002,0.0,75.72,0.0,0.0,0.0,0.0,0.0,0.0,1229.1390000000001,0.0,106.20000000000002,1335.3390000000002,75.72,0.0,0.0
8,177.12,97.42,4.0,0.0,4.0,0.0,8.0,52.00000000000001,25.0,1,0,0,0.0,0.0,75.72,-21.0,0.0,21.0,0.0,2045.82,-2045.82,1229.1390000000001,0.0,0.0,-816.6809999999998,75.72,0.0,21.0
9,177.12,97.42,4.21,0.0,4.21,0.0,8.0,44.00000000000001,25.0,1,0,0,0.0,0.0,75.72,-20.79,0.0,20.79,0.0,2025.3618,-2025.3618,1229.1390000000001,0.0,0.0,-796.2227999999998,75.72,0.0,20.79
10,177.12,97.42,4.37,0.0,4.37,0.0,8.0,36.00000000000001,25.0,1,0,0,0.0,40.000000000000014,33.614736842105245,-60.63000000000001,0.0,60.63000000000001,0.0,5906.574600000001,-5906.574600000001,1229.1390000000001,0.0,200.00000000000006,-4477.435600000001,33.61473684210528,0.0,60.63000000000001
11,177.12,97.42,4.47,0.0,4.47,0.0,8.0,28.000000000000007,25.0,1,0,0,0.0,0.0,33.614736842105245,-20.53,0.0,20.53,0.0,2000.0326000000002,-2000.0326000000002,1229.1390000000001,0.0,0.0,-770.8936000000001,33.61473684210528,0.0,20.53
12,66.42,36.53,4.5,338.1,342.6,27.154553049289888,8.0,47.154553049289895,25.0,1,0,0,0.0,0.0,33.614736842105245,317.6,317.6,0.0,21094.992000000002,0.0,21094.992000000002,1229.1390000000001,0.0,0.0,22324.131,33.61473684210528,317.5999999999997,0.0
13,66.42,36.53,4.47,323.04000000000013,327.51000000000016,26.230062335325492,8.0,65.38461538461539,25.0,1,0,0,0.0,0.0,33.614736842105245,302.51000000000016,302.51000000000016,0.0,20092.71420000001,0.0,20092.71420000001,1229.1390000000001,0.0,0.0,21321.85320000001,33.61473684210528,302.5100000000001,0.0
14,118.08,64.94,4.37,20.340000000000046,24.710000000000047,1.6153846153846183,8.0,59.00000000000001,25.0,1,0,0,0.28999999999991743,0.0,33.84673684210518,-3.552713678800501e-14,0.0,3.552713678800501e-14,0.0,2.3071322630130452e-12,-2.3071322630130452e-12,1229.1390000000001,0.0,1.4499999999995872,1230.5889999999974,33.84673684210522,0.0,0.0
15,118.08,64.94,4.21,0.0,4.21,0.0,8.0,51.00000000000001,25.0,1,0,0,20.79,0.0,50.47873684210518,0.0,0.0,0.0,0.0,0.0,0.0,1229.1390000000001,0.0,103.94999999999999,1333.0890000000002,50.47873684210522,0.0,0.0
16,177.12,97.42,4.0,0.0,4.0,0.0,8.0,43.00000000000001,25.0,1,0,0,0.0,0.0,50.47873684210518,-21.0,0.0,21.0,0.0,2045.82,-2045.82,1229.1390000000001,0.0,0.0,-816.6809999999998,50.47873684210522,0.0,21.0
17,177.12,97.42,3.76,0.0,3.76,0.0,8.0,35.00000000000001,25.0,1,0,0,0.0,28.704799999999928,20.263157894736832,-49.94479999999993,0.0,49.94479999999993,0.0,4865.622415999993,-4865.622415999993,1229.1390000000001,0.0,143.52399999999963,-3492.9594159999933,20.263157894736878,0.0,49.94479999999993
18,66.42,36.53,3.5,174.39999999999998,177.89999999999998,12.885154061624647,8.0,39.885154061624654,25.0,1,0,0,0.0,0.0,20.263157894736832,152.89999999999998,152.89999999999998,0.0,10155.617999999999,0.0,10155.617999999999,1229.1390000000001,0.0,0.0,11384.756999999998,20.263157894736878,152.90000000000003,0.0
19,66.42,36.53,3.24,210.6,213.84,15.53221288515406,8.0,47.417366946778714,25.0,1,0,0,0.0,0.0,20.263157894736832,188.84,188.84,0.0,12542.7528,0.0,12542.7528,1229.1390000000001,0.0,0.0,13771.891800000001,20.263157894736878,188.8399999999999,0.0
20,118.08,64.94,3.0,22.25000000000006,25.25000000000006,1.5826330532212922,8.0,41.0,25.0,1,0,0,0.0,0.250000000000059,19.99999999999993,1.3877787807814457e-15,1.3877787807814457e-15,0.0,1.638689184346731e-13,0.0,1.638689184346731e-13,1229.1390000000001,0.0,1.250000000000295,1230.3890000000006,20.0,0.0,0.0
21,118.08,64.94,2.79,0.0,2.79,0.0,8.0,33.0,25.0,1,0,0,0.0,0.0,19.99999999999993,-22.21,0.0,22.21,0.0,1442.3174,-1442.3174,1229.1390000000001,0.0,0.0,-213.17839999999978,20.0,0.0,22.21
22,66.42,36.53,2.63,206.3,208.93,17.499999999999993,8.0,42.5,25.0,1,0,0,0.0,0.0,19.99999999999993,183.93,183.93,0.0,12216.6306,0.0,12216.6306,1229.1390000000001,0.0,0.0,13445.7696,20.0,183.92999999999984,0.0
23,66.42,36.53,2.53,167.46000000000015,169.99000000000015,16.500000000000007,8.0,51.0,25.0,1,0,0,0.0,0.0,19.99999999999993,144.99000000000015,144.99000000000015,0.0,9630.23580000001,0.0,9630.23580000001,1229.1390000000001,0.0,0.0,10859.374800000009,20.0,144.9900000000001,0.0
