hour,price_rank,scenario,prob,price_da_sell_eur_mwh,price_da_buy_eur_mwh,price_sr_up_eur_mw_h,p_da_sell_mw,p_da_buy_mw,p_da_net_import_mw,r_total_mw,r_mt_mw,r_bess_dis_mw,r_bess_ch_mw,r_dr_mw,mt_on
0,0,3,0.25,56.68050227439571,103.06180641454644,15.200781309103903,0.0,0.0,0.0,17.48664812314605,0.0,0.0,17.48664812314605,0.0,1
0,1,0,0.25,62.120420658960825,112.95317633831374,12.501072647267625,0.0,0.0,0.0,10.402121305007306,0.0,0.0,10.402121305007306,0.0,1
0,2,2,0.25,66.2114072714068,120.391791971169,15.050078346007174,0.0,0.0,0.0,17.460414684062833,0.0,0.0,17.460414684062833,0.0,1
0,3,1,0.25,72.56605547018185,131.94640945363525,12.377135025146687,0.0,0.0,0.0,10.402121305007723,0.0,0.0,10.402121305007723,0.0,1
1,0,3,0.25,59.67914211550988,108.51421467507556,11.87042104313455,0.0,0.0,0.0,11.23894552513891,0.0,0.0,11.23894552513891,0.0,1
1,1,2,0.25,63.321533675892105,115.1371527017145,16.213529293097167,0.0,0.0,0.0,13.269915159887791,0.0,13.269915159887791,0.0,0.0,1
1,2,0,0.25,64.95547775538967,118.10814310681263,11.604020281420507,18.999785017718324,0.0,-18.999785017718324,11.238945525138886,3.3333333333333335,7.905612191805552,0.0,0.0,1
1,3,1,0.25,68.9198994208167,125.31662647998209,15.8496587498318,18.999785017718324,0.0,-18.999785017718324,11.238945525138881,3.333333333332917,7.9056121918059645,0.0,0.0,1
2,0,1,0.25,27.334255928309222,49.700007630941656,3.819150982699336,0.0,8.539180640991088,8.539180640991088,0.0,0.0,0.0,0.0,0.0,1
2,1,0,0.25,33.52996923018227,60.96524928192462,7.410152659230397,0.0,8.539180640991088,8.539180640991088,0.0,0.0,0.0,0.0,0.0,1
2,2,2,0.25,38.81582556343235,70.57616024974477,8.033484094605626,0.0,8.539180640991088,8.539180640991088,0.0,0.0,0.0,0.0,0.0,1
2,3,3,0.25,47.61400640278976,86.5732905905638,15.58706209735973,0.0,8.539180640991088,8.539180640991088,25.09645117269658,0.0,21.83145117269658,0.0,3.265,1
3,0,0,0.25,30.568545189532543,55.58069453842736,10.242274453290971,0.0,70.74552203364466,70.74552203364466,28.837455596465055,3.3333333333333335,0.0,25.504122263131723,0.0,1
3,1,3,0.25,35.38956306040539,64.34642152948608,6.389755996902869,0.0,38.63451761843639,38.63451761843639,0.0,0.0,0.0,0.0,0.0,1
3,2,1,0.25,36.77619400286262,66.86763771338995,9.31637194837816,0.0,0.0,0.0,0.0,0.0,0.0,0.0,0.0,1
3,3,2,0.25,42.576230851564176,77.41344793760997,5.812121496841891,0.0,0.0,0.0,0.0,0.0,0.0,0.0,0.0,1
4,0,0,0.25,43.515195996172515,79.11528962063309,7.879764191116058,0.0,0.0,0.0,3.3333333333333335,3.3333333333333335,0.0,0.0,0.0,1
4,1,3,0.25,43.844034328024605,79.71315294785175,13.295031071423551,0.0,0.0,0.0,10.221985743710386,3.3333333333333335,0.0,5.582652410377051,1.3060000000000012,1
4,2,1,0.25,52.77987872490666,95.95947566983646,7.960112577294448,0.0,0.0,0.0,9.142234258833135,3.3333333333333335,0.0,4.5029009254998,1.3060000000000012,1
4,3,2,0.25,53.1787289857852,96.6846281868433,13.430597855513971,0.0,0.0,0.0,10.221985743710391,0.0,0.0,9.535616447813055,0.6863692958973364,1
5,0,0,0.25,40.14764745842952,72.99272549617159,7.578441199155166,0.0,0.0,0.0,20.058668712562735,3.333333333333334,0.0,16.7253353792294,0.0,1
5,1,3,0.25,42.79268482176942,77.80168687776431,7.866017324413704,0.0,0.0,0.0,21.65666622203973,3.3333333333333335,0.0,18.323332888706396,0.0,1
5,2,1,0.25,54.07659800458622,98.31705028302515,13.454069535124898,0.0,0.0,0.0,21.6566662220397,3.3333333333333357,18.323332888706364,0.0,0.0,1
5,3,2,0.25,57.63931291465776,104.7944477873556,13.96460581616136,0.0,0.0,0.0,21.65666622203988,0.0,0.0,21.65666622203988,0.0,1
6,0,1,0.25,56.34335045449931,102.44876534750968,10.175673090767374,0.0,0.0,0.0,21.490618669978996,3.3333333333333335,0.0,18.157285336645664,0.0,1
6,1,0,0.25,62.67181263829241,113.9557689610343,13.966025559555032,0.0,0.0,0.0,40.0,3.3333333333333335,36.666666666666664,0.0,0.0,1
6,2,2,0.25,65.62887363510656,119.33257466635946,13.47141475205057,0.0,0.0,0.0,40.0,3.0239500110240822,36.976049988975916,0.0,0.0,1
6,3,3,0.25,73.00028200209945,132.7359608686157,18.48940321414323,0.0,0.0,0.0,40.0,0.0,40.0,0.0,0.0,1
7,0,2,0.25,54.1633781156124,98.48493513845878,10.496453091031572,0.0,0.0,0.0,21.21471646830347,0.0,0.0,21.21471646830347,0.0,1
7,1,3,0.25,62.34016560165953,113.35273720732918,11.409459270065435,0.0,0.0,0.0,40.0,0.0,40.0,0.0,0.0,1
7,2,1,0.25,65.97801645897577,119.9674189016917,16.49001221680386,0.0,0.0,0.0,40.0,0.0,40.0,0.0,0.0,1
7,3,0,0.25,75.93840368195178,138.07832933114977,17.9243522663154,0.0,0.0,0.0,40.00000000000001,0.0,40.00000000000001,0.0,0.0,1
8,0,0,0.25,86.54175644176432,157.34218744575338,17.865620473223238,0.0,0.0,0.0,40.0,0.0,40.0,0.0,0.0,1
8,1,1,0.25,91.81489083348782,166.9293108645798,20.15590182172302,0.0,0.0,0.0,40.0,0.0,40.0,0.0,0.0,1
8,2,3,0.25,100.81514201614726,183.29273202525152,21.002274169266077,20.933114329275757,0.0,-20.933114329275757,40.0,0.0,40.0,0.0,0.0,1
8,3,2,0.25,106.95797773418089,194.46106565672468,23.694658510355264,20.957201177295616,0.0,-20.957201177295616,40.0,0.0,40.0,0.0,0.0,1
9,0,0,0.25,84.89258688815461,154.34382046427783,17.421988442850786,0.0,0.0,0.0,40.0,0.0,40.0,0.0,0.0,1
9,1,1,0.25,94.18178237018884,171.23257332588636,14.811326410790176,0.0,0.0,0.0,40.0,0.0,40.0,0.0,0.0,1
9,2,3,0.25,98.28154687275297,178.68638454220905,28.58081473920151,0.0,0.0,0.0,40.0,0.0,40.0,0.0,0.0,1
9,3,2,0.25,109.03580156851956,198.2387720572386,24.29801727726137,0.0,0.0,0.0,40.0,0.0,40.0,0.0,0.0,1
10,0,3,0.25,74.24540628499702,134.98610512419083,12.367580363086157,0.0,0.0,0.0,8.200701202426947,0.0,8.200701202426947,0.0,0.0,1
10,1,2,0.25,92.30780882235874,167.82548859183103,17.152922271116818,20.49936599317947,0.0,-20.49936599317947,40.0,0.0,40.0,0.0,0.0,1
10,2,0,0.25,100.27679539429248,182.31396017488282,24.679163672387716,20.49936599317947,0.0,-20.49936599317947,40.0,0.0,40.0,0.0,0.0,1
10,3,1,0.25,124.67210729568849,226.66725153163975,34.228180756531,20.565424656033365,0.0,-20.565424656033365,40.0,0.0,40.0,0.0,0.0,1
11,0,2,0.25,94.16720670852686,171.20607321098623,18.14913450383623,0.0,0.0,0.0,4.4194887771821,0.0,4.4194887771821,0.0,0.0,1
11,1,1,0.25,94.2001858392071,171.26603280476658,26.87767428784415,0.0,0.0,0.0,40.0,0.0,40.0,0.0,0.0,1
11,2,3,0.25,98.26234604648255,178.6514753823957,15.74986628884365,0.0,0.0,0.0,4.4194887771821,0.0,4.4194887771821,0.0,0.0,1
11,3,0,0.25,98.2967593721453,178.71404249634958,23.32451589353521,20.49180567362265,0.0,-20.49180567362265,40.0,0.0,40.0,0.0,0.0,1
12,0,3,0.25,32.80205839059633,59.64173879834131,7.108228732586885,0.0,18.231265262439024,18.231265262439024,0.0,0.0,0.0,0.0,0.0,1
12,1,0,0.25,35.49431200566881,64.5368793708328,6.173328335578603,0.0,18.231265262439024,18.231265262439024,0.0,0.0,0.0,0.0,0.0,1
12,2,2,0.25,36.667662034923985,66.67030146070768,9.642990019410254,0.0,0.0,0.0,37.42112115272681,0.0,33.40112115272681,0.0,4.0200000000000005,1
12,3,1,0.25,39.6771879766887,72.14231660037403,8.374708491529166,0.0,0.0,0.0,37.42112115272681,0.0,37.42112115272681,0.0,0.0,1
13,0,3,0.25,28.58707044841546,51.97791456840282,6.458122408819257,0.0,70.93185976755389,70.93185976755389,12.647019419794812,3.3333333333333335,0.0,9.313686086461479,0.0,1
13,1,0,0.25,30.386247293639396,55.24923474523757,6.396523819579212,0.0,58.87771265085778,58.87771265085778,3.3333333333333335,3.3333333333333335,0.0,0.0,0.0,1
13,2,2,0.25,42.831660790782955,77.8778787222503,9.306514789222351,0.0,58.87771265085778,58.87771265085778,48.04,0.0,40.0,0.0,8.040000000000001,1
13,3,1,0.25,45.52734562761568,82.7792580505402,9.217747784593444,0.0,0.0,0.0,48.04,0.0,40.0,0.0,8.040000000000001,1
14,0,0,0.25,61.83703603782386,112.43789983594458,13.319044140446117,0.0,0.0,0.0,44.941333333333326,3.3333333333333304,40.0,0.0,1.6079999999999945,1
14,1,3,0.25,63.33784414315396,115.16680992336957,13.986484289842842,0.0,0.0,0.0,44.94133333333333,3.3333333333333335,40.0,0.0,1.6079999999999945,1
14,2,1,0.25,64.93875072263792,118.07772844670598,13.451709439743636,0.0,0.0,0.0,44.941333333333326,3.3333333333333304,40.0,0.0,1.6079999999999945,1
14,3,2,0.25,66.51483860910992,120.9435192941746,14.125797674862522,0.0,0.0,0.0,44.941333333333326,3.3333333333333304,40.0,0.0,1.6079999999999945,1
15,0,3,0.25,59.00948724817638,107.29658537518735,15.338465438451813,17.277735934805335,0.0,-17.277735934805335,40.000000000000014,3.3333333333333335,36.66666666666668,0.0,0.0,1
15,1,2,0.25,59.664774668971866,108.48809043597471,15.756827912733037,17.277735934805335,0.0,-17.277735934805335,43.333333333333336,3.3333333333333335,40.0,0.0,0.0,1
15,2,0,0.25,68.93649552757866,125.34680307817199,11.940355241074126,17.277735934805335,0.0,-17.277735934805335,40.0,0.0,40.0,0.0,0.0,1
15,3,1,0.25,69.70202019928037,126.73875184987722,12.26603296825599,17.277735934805335,0.0,-17.277735934805335,40.0,0.0,40.0,0.0,0.0,1
16,0,0,0.25,76.15919545740952,138.46557893057252,17.155624020812883,0.0,0.0,0.0,40.0,0.0,40.0,0.0,0.0,1
16,1,3,0.25,85.62189897479938,155.66978799442072,14.698657043176787,20.92142592680203,0.0,-20.92142592680203,40.0,0.0,40.0,0.0,0.0,1
16,2,1,0.25,108.10705402947788,196.55020950216712,28.799894775770973,20.973209158139284,0.0,-20.973209158139284,40.0,0.0,40.0,0.0,0.0,1
16,3,2,0.25,121.53924687599341,220.9713755561071,24.67527707969542,20.973209158139284,0.0,-20.973209158139284,40.0,0.0,40.0,0.0,0.0,1
17,0,3,0.25,86.22355799379014,156.76366856764636,20.553972384650976,0.0,0.0,0.0,40.0,0.0,40.0,0.0,0.0,1
17,1,0,0.25,86.99195512200778,158.1606968919115,15.670136284080748,0.0,0.0,0.0,40.0,0.0,40.0,0.0,0.0,1
17,2,2,0.25,106.40445137246269,193.45469541254968,27.014428497261118,21.176036180017167,0.0,-21.176036180017167,40.0,0.0,40.0,0.0,0.0,1
17,3,1,0.25,107.35269425139913,195.17870258476506,20.595521306857336,21.176036180017167,0.0,-21.176036180017167,40.0,0.0,40.0,0.0,0.0,1
18,0,0,0.25,26.268668313782126,47.762522567791095,6.823626604123281,0.0,9.89204967022236,9.89204967022236,3.3333333333333335,3.3333333333333335,0.0,0.0,0.0,1
18,1,1,0.25,33.178308175004716,60.32584804226151,7.023481607414761,0.0,9.89204967022236,9.89204967022236,3.3333333333333335,0.0,0.0,3.3333333333333335,0.0,1
18,2,3,0.25,39.227239373420055,71.32420583582152,8.475759865830826,0.0,9.89204967022236,9.89204967022236,40.0,0.0,40.0,0.0,0.0,1
18,3,2,0.25,49.54546691288371,90.08513310576886,8.72400366845329,0.0,9.89204967022236,9.89204967022236,40.0,0.0,40.0,0.0,0.0,1
19,0,0,0.25,28.792923931601045,52.35220387453987,6.399882824949726,0.0,31.529025381432987,31.529025381432987,43.33333333333334,3.3333333333333335,40.00000000000001,0.0,0.0,1
19,1,3,0.25,32.271741751506795,58.677500332194946,8.088571168823185,0.0,31.529025381432987,31.529025381432987,45.400000000000006,3.3333333333333335,40.0,0.0,2.06666666666667,1
19,2,1,0.25,40.32919719076648,73.3278203506901,7.3596859425529395,0.0,31.529025381432987,31.529025381432987,45.400000000000006,0.0,40.0,0.0,5.400000000000006,1
19,3,2,0.25,45.20185028369361,82.18743213366902,9.301630225861928,0.0,31.529025381432987,31.529025381432987,45.400000000000006,0.0,40.0,0.0,5.400000000000006,1
20,0,0,0.25,47.1168172437212,85.67221712563288,10.258702260709946,0.0,0.0,0.0,8.265237572535916,3.3333333333333335,4.9319042392025825,0.0,0.0,1
20,1,3,0.25,47.328820654187226,86.05770161451228,11.472686277407599,6.9501538620490635,0.0,-6.9501538620490635,40.0,3.3333333333333335,36.666666666666664,0.0,0.0,1
20,2,1,0.25,86.90435162486305,158.0176445929139,16.39913427433302,21.930006176606632,0.0,-21.930006176606632,40.0,0.0,40.0,0.0,0.0,1
20,3,2,0.25,87.29538013668947,158.72864931537254,18.33975857463718,21.964583587672962,0.0,-21.964583587672962,40.0,0.0,40.0,0.0,0.0,1
21,0,1,0.25,56.199782808376845,102.18771718529624,9.309197779116642,0.0,0.0,0.0,43.33333333333334,3.333333333333343,40.0,0.0,0.0,1
21,1,0,0.25,59.95693636653169,109.01932624207056,11.393647516749327,0.0,0.0,0.0,43.33333333333334,3.3333333333333335,40.00000000000001,0.0,0.0,1
21,2,2,0.25,68.60057770425897,124.7360057794718,16.5128965481796,0.0,0.0,0.0,43.33333333333334,3.333333333333343,40.0,0.0,0.0,1
21,3,3,0.25,73.18676810808766,133.0750474007236,20.210347573940783,18.857371432193844,0.0,-18.857371432193844,43.333333333333336,3.3333333333333335,40.0,0.0,0.0,1
22,0,3,0.25,28.69450411814179,52.173253860579734,4.772606475030382,0.0,122.91605422283045,122.91605422283045,3.3333333333333335,3.3333333333333335,0.0,0.0,0.0,1
22,1,0,0.25,28.888492975329765,52.525970528918776,6.033469528003066,0.0,122.48813999382506,122.48813999382506,3.3333333333333335,3.3333333333333335,0.0,0.0,0.0,1
22,2,2,0.25,45.052313317190354,81.91553929722922,9.8665192971033,0.0,122.48813999382506,122.48813999382506,40.0,0.0,40.0,0.0,0.0,1
22,3,1,0.25,45.356888950841075,82.46932833602148,12.473130528983752,0.0,16.559477843338726,16.559477843338726,54.83,0.0,40.0,0.0,14.830000000000002,1
23,0,3,0.25,32.0632306070401,58.29837878235979,7.071893481509088,0.0,0.0,0.0,3.3333333333333335,3.3333333333333335,0.0,0.0,0.0,1
23,1,2,0.25,35.766714798644685,65.03217073435478,11.406322469032725,0.0,0.0,0.0,42.78650084581298,0.0,35.34450084581298,0.0,7.442,1
23,2,0,0.25,36.38839753980779,66.16253393358974,5.218977780800473,0.0,0.0,0.0,0.0,0.0,0.0,0.0,0.0,1
23,3,1,0.25,40.591462935748005,73.80468021331461,8.417737580773613,0.0,0.0,0.0,40.0,0.0,40.0,0.0,0.0,1
